page_title,date,page_views,internal_links_count,revisions_count,page_size,time_since_creation
"""Harvard, Nebraska""",20230630,10,106,180,9789,8059
"""Central School (Peoria, Arizona)""",20230715,5,82,17,3403,1113
"""Starz (Canadian TV channel)""",20230125,32,390,309,21267,6349
"""Ekaterina Likoshin""",20231219,6,4,37,1196,4829
"""Danubyu""",20230530,10,90,29,1926,6151
"""Andrea Lalli""",20230920,5,223,65,7986,5198
"""John Ferguson (priest)""",20231210,4,36,29,2461,5046
"""Euxoa cicatricosa""",20230214,3,38,16,1710,5459
"""Lloyd G. Jackson II""",20230503,5,16,9,1891,1120
"""Pertoltice pod Ralskem""",20231030,2,76,39,3471,5600
"""Margaroniini""",20230614,4,107,24,11680,1797
"""Alaska Maritime National Wildlife Refuge""",20230605,21,208,120,7909,7278
"""Falsomesosella glacilior""",20230207,1,13,10,562,2899
"""Federal District (Brazil)""",20230324,302,387,778,40713,8039
"""Kim Chol-gwang""",20231003,3,24,20,4482,2237
"""Protection (1929 film)""",20230910,3,14,20,2816,2397
"""Retinalophototroph""",20231028,1,22,38,9436,6408
"""Legal assessments of the Gaza flotilla raid""",20230119,38,463,361,57978,5277
"""Gillnetting""",20230718,235,257,388,34793,7359
"""Yadaneru""",20230624,3,255,19,3723,2503
"""Silly People""",20230801,1,4,3,270,3878
"""Imran Rasul""",20230219,12,34,40,7687,1758
"""Mamelodi""",20230123,123,146,397,13037,7237
"""1981–82 Arab Club Champions Cup""",20231113,5,196,145,12861,5072
"""Joseph Delaunay""",20230615,5,10,35,1401,5907
"""Nicholas Couris""",20230804,3,9,29,2916,4197
"""Elizabeth Carrington Pope""",20230930,1,21,30,4740,1215
"""Justen Glad""",20231010,16,66,155,8085,3507
"""Jadwiga Dobrzyńska""",20230129,5,4,11,1795,1573
"""City of Eternal Spring""",20230129,19,13,23,420,6080
"""Moock""",20230417,1,6,5,284,4164
"""Moose's Tooth Pub & Pizzeria""",20230303,19,18,45,6048,3353
"""Apuleius""",20231223,191,428,562,21663,8477
"""Hurricane Noel""",20231016,33,288,860,67779,6227
"""Longpont Abbey""",20231112,3,12,36,2465,6099
"""Waimarino""",20231020,2,7,17,539,4017
"""Yury Shvytkin""",20231101,7,499,19,4069,972
"""Ludwig Troche""",20230510,5,2,5,1644,1534
"""2021 BWF World Championships – Men's doubles""",20231126,12,132,152,21452,1084
"""Iulian Anca-Trip""",20230920,2,20,54,4168,2438
"""Dyschirius importunus""",20230104,2,18,11,705,3403
"""Strip Tease (Acid Drinkers album)""",20230629,10,29,31,2314,6282
"""Gurazada""",20230707,3,13,25,3141,4654
"""Hany Mahfouz Helal""",20230823,1,7,27,1770,5779
"""Francisco Urcuyo""",20230930,25,74,108,9546,7288
"""G. William Morgan""",20231227,2,11,31,4512,3737
"""Bergens Social-Demokrat""",20230112,2,7,12,1665,4807
"""Josh Sokol""",20230414,13,22,21,5674,464
"""Campamento (Madrid Metro)""",20230105,2,40,19,1685,3616
"""London Savings Bank""",20230720,5,14,17,6006,1072
"""2014 HDF Insurance Shoot-Out""",20230718,1,272,63,18778,3717
"""Robert Nesbitt (theatre director)""",20230225,4,15,27,2138,3745
"""Jonathan Vidallé""",20231220,3,22,26,6959,671
"""Dengeki Gakuen RPG: Cross of Venus""",20230930,21,52,108,14781,5937
"""Ieuan ap Hywel Swrdwal""",20230920,3,12,45,2265,7271
"""Four-wheel drive in Formula One""",20230106,48,116,149,18628,6315
"""2019 World Athletics Championships – Men's 800 metres""",20230222,8,239,65,16320,1881
"""Triantafyllia, Florina""",20230623,2,63,56,2780,5851
"""Lithuania women's national field hockey team""",20230519,4,108,32,2510,4705
"""Svartsjö County""",20231014,2,13,11,1237,5836
"""HSBC Saudi Arabia""",20230220,18,76,32,4103,4597
"""Astrid Murberg Martinsen""",20230207,1,5,19,1058,6069
"""Khavazhi Khatsigov""",20230216,1,56,47,1838,6476
"""1975 NCAA Division III soccer tournament""",20230829,7,33,8,5180,1069
"""Sarah Hughes (disambiguation)""",20231002,6,8,21,647,5657
"""Henry Township, Plymouth County, Iowa""",20230924,1,24,6,771,2278
"""SCORTEN scale""",20231126,31,6,28,1884,6043
"""Bound for Glory""",20231013,4,12,28,1024,5272
"""Bystander: A History of Street Photography""",20230313,6,45,27,8172,1547
"""Christian Saba""",20230929,4,59,157,8280,6562
"""Ansty Cross""",20230129,1,22,13,708,6302
"""Felipe Valdívia""",20230529,34,43,5,4903,270
"""Aras Valley campaign""",20230605,40,361,127,70188,1481
"""2020 Purdue Boilermakers baseball team""",20231020,7,310,46,28720,1803
"""State Oceanic Administration""",20231117,8,27,96,8835,5774
""".sexy""",20230414,28,147,44,9526,1276
"""Tmesipteris ovata""",20231104,2,27,7,866,3194
"""Coffee Beanery""",20230403,24,318,183,5719,6505
"""Crane fly""",20230104,641,107,1974,29654,7836
"""Ignazio Leone""",20230225,4,24,46,1805,5716
"""Communities Helping All Neighbors Gain Empowerment""",20230312,5,14,25,2526,6812
"""The Tradition of Hospitality""",20230221,20,143,61,9745,3410
"""Halfway""",20230216,4,30,61,1799,7265
"""Li Yihong""",20231023,2,52,21,6050,3092
"""Richard Anthony Stafford""",20230319,121,11,10,3534,225
"""MS-20 Daglezja""",20231222,22,20,36,6929,69
"""Australian Information Security Association""",20230628,12,13,51,7106,6895
"""Time""",20231005,5606,950,8115,114189,8415
"""Work is a honor""",20230502,15,1,3,510,109
"""Stand-In""",20231128,23,154,66,7368,6215
"""Giles Hutchens""",20230930,1,4,21,880,4465
"""Guabina""",20230608,5,14,12,4859,2397
"""Pyongyang Ice Rink""",20230423,3,72,26,2282,4851
"""Dariyavji""",20230129,4,6,29,1685,5533
"""Umar Lubis""",20230905,4,10,45,4626,2680
"""Veiss""",20230102,2,4,1,485,378
"""Geldersekade""",20231119,1,82,8,6145,1940
"""Polcura River""",20230508,2,19,13,973,5608
"""Cabin Crew""",20230427,21,31,173,14330,7105
"""Woodside Township, Sangamon County, Illinois""",20231015,5,351,39,4971,6458
"""Zby""",20231017,26,471,55,3703,3844
"""Carlisi""",20231101,2,5,11,364,2091
"""Nyctimystes kuduki""",20231217,6,31,6,2547,807
"""Gubyeongsan""",20230224,1,6,10,902,5222
"""Maids and Muslin""",20230923,3,9,31,1332,6284
"""Dena G. Hernandez""",20230930,4,11,16,1727,1140
"""Browser toolbar""",20230103,28,35,102,17529,6450
"""St. Anna im Lehel""",20230830,1,12,40,2389,5111
"""Hwangju Riverside Stadium""",20230913,2,8,14,1552,5833
"""Adolph D. E. Elmer""",20230324,51,52,50,10696,5514
"""Collinpark Wood SSSI""",20230328,1,143,27,7368,4523
"""Yongjugol""",20230331,10,32,41,8883,4163
"""Ravinder Kumar (politician)""",20230310,3,28,114,5114,2512
"""The Rising (TV series)""",20230321,142,220,93,12452,933
"""Matias Vainionpää""",20230211,4,37,27,2433,1395
"""Craig McGuffie""",20230412,7,59,123,11594,2814
"""Hewett, Wisconsin""",20230606,1,101,60,5265,8055
"""Have You Met Hank Jones""",20231130,3,312,12,2895,3394
"""Saint-Nicolas-la-Chapelle""",20230225,1,2,14,231,7265
"""Straight Shooter""",20230902,6,6,11,687,5011
"""Talk It Over in the Morning (song)""",20230222,7,123,12,1989,4984
"""The Muthers""",20230131,18,44,45,2994,3814
"""Balderhead Reservoir""",20231106,4,35,80,8445,6363
"""Digital paper""",20230616,26,139,226,5108,7129
"""1946 Virginia Cavaliers football team""",20230718,1,190,32,8215,2340
"""Pause Giant AI Experiments: An Open Letter""",20230626,32,94,25,12985,580
"""Wiley Griggs""",20230910,3,15,13,2752,1516
"""Ivan Baglayev""",20230403,2,12,19,1949,2351
"""List of Singaporean records in Olympic weightlifting""",20230807,3,179,23,9113,1652
"""Menzies Art Brands""",20230220,5,16,20,6106,3387
"""Binham Priory""",20231201,9,276,93,7667,6732
"""Tim O'Brien (Connecticut politician)""",20230608,5,166,70,2559,6701
"""Yawuru language""",20231229,12,271,53,4911,4786
"""Oberhavel""",20230813,33,74,103,5133,7993
"""Lorraine Murray""",20230906,4,9,96,5126,6362
"""Maramarua (New Zealand electorate)""",20230916,5,262,32,3537,5797
"""Time Bomb (Demolition Hammer album)""",20230421,13,17,25,3298,3161
"""Sagwitch""",20230812,8,60,92,15784,6042
"""1884–85 in Scottish football""",20230801,5,238,23,4589,3567
"""Centre for the Book""",20231126,21,19,22,5365,2299
"""Laona""",20230409,3,7,10,354,6723
"""Cuban Liberal Union""",20230414,19,298,93,1950,7421
"""Mavi-ye Olya""",20231231,1,255,4,1885,4439
"""Optical projection tomography""",20230209,11,19,44,5047,5550
"""Jason Gervais""",20230906,2,8,10,1518,2495
"""Alberto Meda""",20231204,2,24,129,7806,6643
"""Mayfield Cemetery""",20231120,1,58,60,20245,3162
"""Roger Ashton (footballer)""",20231004,3,14,14,4016,2251
"""Yan Vichnyi""",20230523,2,46,43,4066,3329
"""Cherokee National History Museum""",20230518,2,4,18,1124,1922
"""Marvellous!""",20230405,2,45,30,3509,2519
"""Panoz Esperante""",20230329,85,131,318,14026,7463
"""Xerxes II""",20230829,134,383,248,4281,8267
"""Colin Cowie""",20231221,10,17,228,3497,7029
"""Gims: On the Record""",20230922,61,48,17,1833,1398
"""Nanoq""",20231105,4,12,27,1275,6518
"""Battle of Darbytown and New Market Roads order of battle""",20230301,79,4,2,546,245
"""KOWI""",20230929,1,3,5,336,4445
"""Gibson Girl (song)""",20230330,103,28,20,3893,325
"""Jane Morris (judoka)""",20230330,3,11,14,2322,1882
"""Edward Hartley""",20230522,2,30,29,4684,4998
"""Dr. Tangalanga""",20231024,10,15,142,6511,6179
"""Calvin Poulina""",20231116,3,10,17,3167,2348
"""Pavel Černoch""",20231023,8,100,5,9835,1193
"""Registrar of the Peerage""",20231013,3,12,16,4797,1310
"""David Yelldell""",20230129,7,47,214,9450,7259
"""2014 Intermediate League World Series""",20230902,2,92,10,8098,3381
"""Kalab-e Sufian-e Olya""",20230106,1,473,8,2043,4236
"""Cycling at the 2024 Summer Olympics – Men's team pursuit""",20230620,2,235,30,9513,689
"""Methylnortestosterone""",20230725,4,7,3,467,5573
"""Laurie Carney""",20231204,1,19,12,3654,1896
"""Thanh Hà (singer)""",20230709,47,11,48,3177,4459
"""Chandra Kumara (cricketer)""",20230513,3,6,9,2300,2891
"""Kanan-e Olya""",20231117,1,652,8,1875,4040
"""Andriy Oliynyk (footballer, born 1983)""",20231021,4,84,31,2495,3668
"""NetEase""",20230321,780,342,714,42027,7000
"""Toubul""",20230822,2,15,154,8620,4907
"""Chwarel Pant Glas""",20230503,2,8,7,666,4976
"""Ephraim S. Fisher""",20230315,4,12,78,3862,3115
"""Thomas Bailey (priest)""",20231115,3,20,57,3579,6893
"""Hensley, Arkansas""",20231013,13,76,153,12121,8063
"""William R. Wing Farm Complex""",20230604,4,99,16,2498,5075
"""Canyon Blaster (Adventuredome)""",20230419,19,18,100,3068,6810
"""DB Class V 169""",20230423,17,104,80,11404,5862
"""Summary jury trial""",20230327,4,7,48,7894,6618
"""Ephebopus""",20231017,14,46,33,4044,4283
"""Stalag XXI-A""",20230301,7,40,17,7169,6852
"""Langonet""",20231206,5,10,40,4643,3399
"""Nona (short story)""",20230307,50,175,71,2975,7505
"""Jae Yoo""",20230629,5,23,25,3191,3633
"""Street Signs (album)""",20231202,21,89,65,11359,6597
"""Symphony No. 2 (Moore)""",20230628,3,47,46,5271,6588
"""Western Macedonia Army Section""",20231028,4,63,10,12379,3394
"""Thomas Reynolds (priest)""",20230925,7,21,41,9924,1572
"""Electoral results for the district of Coburg""",20230620,2,283,35,7784,4493
"""Devils Corrie""",20230626,2,11,12,778,5123
"""J. G. Speer""",20230128,3,8,38,2612,792
"""Lumberport, West Virginia""",20230329,13,330,101,10143,8055
"""The Truth-Teller's Tale""",20231204,2,22,84,3441,6600
"""Touro University California""",20230705,63,117,737,12999,6697
"""Borges de Medeiros Avenue (Porto Alegre)""",20230514,34,22,6,5332,212
"""Ada Bampton Tremaine""",20231130,3,52,48,29866,1077
"""Aldeavieja de Tormes""",20230213,4,384,43,2389,6644
"""1968 Cleveland Browns season""",20230325,25,307,136,18689,6424
"""Preston Mountaineering Club""",20230323,3,142,30,765,6700
"""Jonny Fairplay""",20230503,572,224,861,22466,7489
"""Chaisson""",20230925,1,8,5,437,4251
"""The Robber""",20231122,25,11,58,4106,5394
"""Maj-Briht Bergström-Walan""",20230123,4,36,27,4563,4642
"""Spiritus (novel)""",20230403,4,26,13,2536,1504
"""SA First""",20230121,3,220,54,6505,7314
"""Twenty-One Demands""",20230529,169,276,349,15542,7739
"""WRKB (disambiguation)""",20230223,1,3,5,296,4652
"""Sarra Hamdi""",20230904,7,33,67,15138,1413
"""Carlos Proctor""",20230601,2,23,33,3852,3242
"""Custos Rotulorum of County Limerick""",20230514,1,92,9,1348,3802
"""Lanorus pantherinus""",20230511,70,12,7,1669,148
"""Mutants (Mutoid Man album)""",20230102,1,22,12,5392,477
"""Haugh House""",20230409,2,148,13,2922,4017
"""Alliance of the Hearts of Jesus and Mary""",20231005,37,226,135,16708,5332
"""Filtered esophageal left heart electrogram""",20230604,2,3,39,13026,3849
"""2017 Poker Masters""",20231026,8,329,16,10110,1329
"""Edward Bunbury""",20231025,8,27,73,5157,6067
"""Richard Grant (author)""",20230415,8,96,74,2034,7417
"""Mitrella guanahaniensis""",20231228,1,18,16,766,5324
"""1995 USISL Pro League""",20231117,4,178,64,34526,5572
"""New Zealand Open Source Awards""",20230922,11,24,33,6015,4944
"""No Light, No Light""",20230701,43,169,347,44334,4747
"""Ora Elmer Hunt""",20230322,1,27,66,9776,2229
"""Australian rodeo""",20231019,27,227,134,21428,7199
"""Evergrande New Energy Auto""",20230212,19,10,35,4360,1339
"""Josh Bayliss""",20230407,22,70,69,7777,2385
"""Disappearing-filament pyrometer""",20230617,13,17,49,5303,6551
"""GEIA""",20230705,2,3,12,193,6546
"""Highland Line (Pacific Electric)""",20230608,2,139,19,4353,1185
"""Frederic L. Morgan""",20231120,42,42,6,11139,136
"""Walia ibex""",20230329,116,390,203,7212,6572
"""Nat Finkelstein""",20231006,15,82,85,9153,6544
"""Bruno Pizzul""",20230429,12,40,112,5569,4857
"""Ti i Ja""",20231124,5,51,47,14410,907
"""Andriy Karpov""",20230107,2,35,13,6216,579
"""Farid Sarai""",20230824,1,52,30,3434,3023
"""Stefán Rafn Sigurmannsson""",20230310,10,53,51,2926,4319
"""Why There Are No Noyontara Flowers In Agargaon Colony: Stories""",20230112,2,27,9,9034,392
"""Moraxellaceae""",20230928,23,35,52,2331,7239
"""AE series""",20230318,2,3,2,202,5656
"""Damián Lizio""",20231107,8,73,269,10051,6177
"""1988 Grand Prix de Tennis de Lyon""",20230117,2,145,29,2576,5750
"""Jeppe Søe""",20231122,5,212,2,1577,378
"""Michael Feinstein Sings the Jule Styne Songbook""",20230529,3,55,17,4121,3635
"""Order of Truxillo""",20230221,5,14,9,3004,1748
"""Enya language""",20230506,2,130,20,1000,4759
"""Inside Trader: The Authentic Stock Trading Game""",20231129,6,8,15,2220,1465
"""Henry A. Edmundson""",20230324,69,51,106,10545,6512
"""Karin Albou""",20230125,9,14,84,15716,3117
"""Ilja Hurník""",20230515,11,27,90,12035,6906
"""Vancouver Fire Department""",20230724,2,7,2,316,3433
"""Woolstone""",20231112,2,3,11,186,6646
"""Lepuroshi""",20230802,7,172,17,5339,902
"""Directorate general for Maritime affairs, Fisheries and Aquaculture""",20230227,22,119,27,5340,778
"""Kati Jo Spisak""",20230622,8,21,45,6899,2479
"""Dulan Kodithuwakku""",20230711,2,27,28,10065,1172
"""Bogor Ring Road""",20231013,5,98,46,3626,5120
"""2021 Georgia Southern Eagles baseball team""",20230605,5,183,56,27984,1364
"""Calameuta""",20231117,4,34,7,2454,1364
"""La Tour-sur-Orb""",20230710,7,365,59,2174,6128
"""Canton of Abbeville-2""",20231213,3,53,5,1282,2762
"""Sonali Bag""",20231216,18,11,54,4650,2231
"""Adelaide Lightning""",20230510,29,190,292,18937,6835
"""Simon III, Count of Saarbrücken""",20230204,9,72,53,12292,6446
"""Dark Light Daybreak""",20230905,2,19,38,3046,6659
"""Losing chess""",20230702,92,181,664,15317,8027
"""Anthony McGrath""",20231120,20,64,134,10437,7025
"""American Union of Decorative Artists and Craftsmen""",20231109,3,33,18,9687,2410
"""SC Fortuna Köln""",20230327,89,387,386,12729,6854
"""Kanakh""",20231019,1,229,12,5989,4381
"""Water polo at the 1997 Summer Universiade""",20230612,1,61,16,1272,5609
"""Superbru""",20230912,11,12,31,8823,2304
"""Latvia at the 2019 European Games""",20231212,1,78,10,3068,1977
"""Richard St. Denis""",20230315,3,4,52,2192,4722
"""Ghar Dwaar""",20230926,37,23,50,3349,3289
"""Peeter Urbla""",20230212,8,11,12,1853,1366
"""Edu-Aid in YongNing""",20230204,1,11,28,1631,5720
"""Line 4 (Chennai Metro)""",20230228,39,96,219,19830,1251
"""Vale of Edale""",20230902,8,38,10,5991,1446
"""The Seer (Big Country album)""",20231104,52,110,121,12956,7337
"""Northwestern Illinois Conference""",20230801,1,197,17,18615,2072
"""Skin care""",20230815,548,63,339,22188,6765
"""Storch (disambiguation)""",20230826,1,9,11,735,5192
"""Joseph Connolly (Irish politician)""",20230613,8,158,104,12087,7154
"""Witter House""",20230608,4,79,29,3272,5501
"""Zakrzewo, Gmina Waganiec""",20231125,2,40,13,1520,5988
"""Barclay Webster""",20230815,1,14,36,3282,5862
"""First Presbyterian Church of Tuscarora""",20230127,1,101,21,2445,5547
"""Jerome Kitzke""",20231213,5,19,65,3504,6704
"""Ban Khai district""",20230124,4,32,44,3608,6550
"""Rašín (film)""",20231107,4,18,17,3018,2470
"""Austin Kafentzis""",20230905,7,36,95,12657,4166
"""Kootenay Loop""",20230322,6,142,101,4295,6653
"""Ihsan Isik""",20230707,1,6,45,2767,5070
"""Chitral Museum""",20230822,6,56,17,5919,2542
"""Andrei Romanov""",20231231,84,12,21,977,5573
"""Round-robin""",20230721,55,15,49,1709,5454
"""Sulfate chloride""",20231220,26,67,95,43573,1669
"""List of Jupiter trojans (Greek camp) (300001–400000)""",20230425,3,146,41,202723,3633
"""AMD-65""",20230223,144,318,429,14013,6835
"""Anu (name)""",20231113,27,59,51,3705,3207
"""Beijing University of Civil Engineering and Architecture""",20230426,8,8,47,2069,4966
"""Floorball at the 2019 SEA Games – Women's tournament""",20230210,2,86,66,13346,1822
"""IGA""",20230127,15,19,157,2371,7396
"""Albert Rusnák""",20230326,2,3,7,336,1558
"""Krasnaya Gora, Krasnogorsky District, Bryansk Oblast""",20230617,6,95,20,3168,2882
"""Baulie""",20230404,98,18,9,5501,274
"""Ranks and insignia of the Russian Armed Forces (1994–2010)""",20230403,13,473,148,26285,3481
"""Rekovac""",20230715,10,232,71,5477,6774
"""José Crespo y Castillo District""",20230417,14,108,21,6165,6039
"""Emanoil Porumbaru""",20230901,5,151,36,3452,5186
"""Warrant (law)""",20231005,243,53,216,6893,7887
"""Jose Alvarez (Florida politician)""",20230106,63,129,4,1697,4
"""Elections in England""",20230717,7,381,64,63033,5375
"""Zeke and Ned""",20230515,33,69,8,2925,105
"""Musée Lambinet""",20231210,2,9,57,5744,5784
"""Elk River Station""",20230207,31,164,81,3469,7141
"""Georgios Tzavellas""",20230302,45,160,1032,31228,5678
"""Wheatland (Loretto, Virginia)""",20230603,1,148,26,2462,4158
"""Stara Sil""",20230715,4,30,43,7233,3354
"""Belostomatidae""",20230612,452,289,425,13841,6960
"""Ohrenspitzen""",20231030,2,14,25,1600,5690
"""Liberty Square (Taipei)""",20231002,40,53,113,8927,5956
"""2019 Boar's Head Resort Women's Open – Doubles""",20231217,2,51,15,7640,2032
"""Neralattu Rama Poduval""",20230919,2,135,83,5046,6705
"""International Electrotechnical Commission""",20230509,642,254,619,18424,8298
"""¡Oye Esteban!""",20230623,10,90,46,2185,6559
"""Bernice B. Donald""",20230604,35,32,139,6286,5734
"""Jasper McLevy""",20231004,14,40,112,13316,6973
"""Muscourt""",20230113,5,819,59,1864,6138
"""Diplodactylus barraganae""",20230117,1,23,13,1537,2549
"""Moksi (Korpilahti)""",20230627,10,28,18,6030,692
"""Stop the Pounding Heart""",20230216,6,6,31,3036,4094
"""Sara Mortensen""",20230112,689,46,32,9657,736
"""Heat-based contraception""",20230707,79,33,109,23105,6837
"""Dušan Houdek""",20230511,1,6,14,1661,3420
"""TRV734""",20230403,19,418,17,1918,1410
"""Jordan Michallet""",20231226,6,17,26,5930,1030
"""Duffin–Schaeffer theorem""",20231018,17,42,101,6493,4986
"""Adventure of a Lifetime""",20230428,357,214,832,40244,3296
"""Trials Evolution""",20230408,36,83,217,22465,4667
"""Voriella""",20230919,1,22,15,2142,5691
"""Arthur ""Guitar Boogie"" Smith""",20230225,55,81,272,18869,7178
"""Cosmos (manga)""",20230831,106,52,11,7952,70
"""Grantham House""",20230309,4,10,60,4254,5445
"""2024 Taichung Metro attack""",20230728,599,28,40,11911,176
"""Standardized service contract""",20230830,14,12,37,9431,5382
"""Prince Igor (1969 film)""",20230406,6,22,46,3550,2298
"""Some Days Are Better""",20230304,2,36,8,2054,4049
"""Sophia Louise of Mecklenburg-Schwerin""",20230920,80,83,165,13455,5924
"""Ozark Courthouse Square Historic District (Ozark, Missouri)""",20230823,4,98,28,2858,5368
"""Julia Elena Fortún""",20231223,2,18,50,3589,5498
"""Justas Paleckis""",20230608,26,56,201,9263,7536
"""Poovarany""",20230824,3,46,74,3086,7119
"""1933 Kategoria e Dytë""",20230215,6,108,22,4326,3904
"""Morten Christiansen""",20230610,1,4,5,397,896
"""Mohamed Betti""",20230425,2,10,33,2184,2807
"""Chris Smalls""",20230729,126,104,198,41752,1688
"""David Esdaille""",20230129,1,10,13,2641,2262
"""Megan McKenzie""",20230425,11,6,40,1645,5721
"""Live from Another Level""",20230321,5,10,42,2058,6148
"""Dudley East, South Australia""",20230528,5,81,13,5823,3098
"""Earl of Bellomont""",20230909,11,28,59,8287,6840
"""2007 Bremen state election""",20230127,4,56,55,11761,6501
"""Vinagre""",20230322,30,146,95,3584,6131
"""The Dark Side (Gregorian album)""",20230531,11,42,82,4664,6452
"""Monticello Township, Johnson County, Kansas""",20230228,5,17,118,2986,6861
"""List of countries by natural gas imports""",20230729,57,119,57,6686,6005
"""Rikkyo High School""",20230513,1,3,4,315,3962
"""Micromandibularia""",20231108,1,19,7,917,3563
"""Conny Klack""",20230817,1,3,20,1027,6305
"""George Leland Dyer""",20230127,5,76,60,4189,5713
"""Passive learning""",20230311,50,411,30,8262,3147
"""Ceramic mixing technology""",20231212,2,7,20,666,4495
"""Brunei Museum""",20230419,9,81,83,12103,6150
"""Sports broadcasting contracts in Canada""",20230103,67,697,1387,51958,5916
"""Love Is a Story""",20230922,14,9,22,7812,843
"""Small nucleolar RNA snR69""",20230130,1,300,23,2427,6382
"""Hradaspur""",20231123,2,54,25,4614,3028
"""Manuel Camilo Vial""",20230604,4,11,67,2926,6380
"""Maogang District""",20230114,3,6,20,640,5517
"""Aachen thermal springs""",20230929,27,17,33,5921,1074
"""Anatoly Pokrytan""",20230628,1,6,10,3299,1238
"""Notebook interface""",20230725,65,65,139,15132,2913
"""The Heart of a Fool""",20230725,7,7,30,1071,6617
"""Athens Township, Athens County, Ohio""",20230201,5,84,45,6184,6494
"""Joyeux, Ain""",20230918,6,423,108,3700,6989
"""Paul P. E. Bookson""",20230120,5,24,29,4059,3654
"""Ichthyosis hystrix""",20231013,52,361,56,5426,5807
"""USS Chelan County""",20230528,6,705,48,4115,6436
"""List of African countries by Human Development Index""",20231120,614,277,475,8814,6502
"""Nintendo Campus Challenge""",20230511,28,187,149,13217,5602
"""Rajan Devadas""",20231012,9,737,44,10571,3575
"""Lance Manga""",20230102,159,37,19,2768,228
"""Cevdet Caner""",20231106,38,25,49,9332,5216
"""Shoppers' City""",20230610,8,108,11,3041,2976
"""Max Pomeranc""",20231216,46,19,122,3057,7468
"""Ishenbai Kadyrbekov""",20230620,22,15,106,2403,7175
"""Park Chong-hwa""",20230515,4,23,47,9159,3995
"""Marc Siegel""",20230407,44,223,232,26647,4243
"""P. P. F. Degrand""",20230619,5,16,31,4752,4710
"""List of power stations in Costa Rica""",20230730,15,276,37,34715,2997
"""Naglo D.I""",20230205,2,222,12,6540,2114
"""Over the Moon (The Verlaines album)""",20231225,5,17,30,2984,5042
"""Bonapartist Central Committee""",20230810,28,83,21,9081,2539
"""Vyapam scam""",20230530,253,490,623,66864,3747
"""Bank of Canada Building""",20231220,16,20,49,3830,6976
"""Homer Badman""",20230126,71,126,602,10368,7152
"""Scrobipalpa suaedicola""",20230913,1,30,12,1244,3359
"""2009 Bromont municipal election""",20231011,3,4,23,5007,5109
"""Jack Smith (Australian cricketer)""",20231128,8,7,8,2474,1510
"""Armed Forces of Bolivia""",20231101,124,331,433,46753,8298
"""Chondrorrhina abbreviata""",20230611,1,22,23,2701,3591
"""Sipsey, Alabama""",20230221,10,65,126,7534,8066
"""Crail (Parliament of Scotland constituency)""",20231123,7,116,14,2060,3672
"""John Brew""",20230110,4,45,66,16095,1628
"""Vermilion Tigers""",20230603,4,52,40,4727,4946
"""Puteri Saadong""",20231225,25,12,49,3207,7074
"""Louis Duclos""",20230806,4,14,33,1530,6340
"""Assen-Zuid railway station""",20230206,4,21,19,2004,4589
"""Cyphoma guerrinii""",20231025,2,24,18,725,5275
"""Gary Kleffman""",20231105,1,20,15,3556,1814
"""Presika""",20230708,2,3,8,205,5046
"""Werner Catel""",20230930,24,28,99,7749,7101
"""Ron Rowles""",20231011,7,83,60,3547,3979
"""Pan American Artistic Gymnastics Championships – Men's pommel horse""",20230912,3,187,11,7260,849
"""Theodosius the Cenobiarch""",20230425,21,36,125,9030,6383
"""Ryan Laird""",20230311,6,33,208,11032,4845
"""Abacetus rotundicollis""",20231212,2,14,11,621,4117
"""Afghan coup d'etat""",20231030,2,23,25,1544,2866
"""Prospectors Delite""",20230904,2,26,24,3582,4753
"""Iyore""",20230521,7,13,78,5109,3743
"""Seez""",20231031,33,4,10,278,6228
"""The Original (album)""",20230610,1,17,66,4095,6680
"""Alka Yagnik""",20231214,854,220,3233,34607,7484
"""William Courtenay, 2nd Viscount Courtenay""",20230525,6,18,46,5225,5782
"""99 Percenters""",20230526,2,204,44,2255,4709
"""Thomas J. Spring""",20230929,3,10,16,1943,2034
"""Nuestra Señora del Sagrado Corazón, Montevideo""",20231020,1,20,24,3579,4238
"""Doug Kistler""",20231022,1,25,42,3234,6284
"""Microteaching""",20231012,267,399,148,3506,6991
"""Bodysnatchers (song)""",20231108,40,134,248,7405,6243
"""Trevor Fitzroy""",20231211,58,347,216,9318,6974
"""Darlton Gliding Club""",20230625,2,21,60,3806,5819
"""Desoxycorticosterone pivalate""",20230327,10,388,10,4942,6759
"""Pickup v. Brown and Welch v. Brown""",20231109,3,22,67,8082,4304
"""Envolver""",20230820,120,215,341,60823,1098
"""Voskaičiai""",20231128,4,65,4,2743,1417
"""Namburu Sankara Rao""",20230627,185,13,21,4340,182
"""Hyperolius semidiscus""",20230612,4,40,28,3627,6325
"""Albert Sack""",20230102,4,49,166,15373,1100
"""It Could Be You (disambiguation)""",20231111,4,11,17,962,6397
"""Frederick Eberstadt""",20230317,1,6,23,2099,454
"""Gabriel of Basra""",20230701,3,26,10,4476,1588
"""Ringshall, Suffolk""",20230827,5,28,65,8767,5791
"""Ibis Budget""",20231002,57,353,207,9382,6947
"""Yahaya Dikko""",20230610,1,4,2,1531,2299
"""Terry McMillan""",20231005,205,701,447,13163,7390
"""Wallace Gustafson""",20230201,2,10,18,1680,2185
"""Barbara Pope""",20231229,1,3,3,285,5396
"""Articulationes cinguli membri""",20231223,1,2,4,158,3556
"""Ellos nos hicieron así""",20231223,5,48,24,1856,6462
"""Ashke""",20230421,54,34,250,14590,2367
"""1941 theatre strike in Norway""",20230927,3,45,30,11021,4258
"""Heinz Meier (actor)""",20230312,5,35,50,4088,2041
"""Naoya Tomita""",20230928,7,57,36,2982,4541
"""Trapeliopsis steppica""",20230702,1,43,6,3163,1169
"""Diamanten Kogel""",20231223,2,17,12,1153,5267
"""North of Nevada""",20230630,8,120,23,3168,2064
"""Battle of Campo Jordán""",20230506,5,22,23,1292,5243
"""Rachel Roberts (model)""",20230122,131,157,347,6843,6964
"""Falk""",20230129,5,8,33,482,6301
"""Kwasi Baffoe-Bonnie""",20230428,37,18,51,6817,1381
"""Francesco Antonio Arena""",20231225,6,60,25,11036,1182
"""40th meridian east""",20230424,54,161,32,4967,5966
"""Emre Şahin""",20230524,23,27,84,3249,6743
"""Villa Levi, Coviolo""",20230922,3,10,14,2040,701
"""Monte Sant'Angelo Mercy College""",20231230,15,258,361,12489,7041
"""Snodland railway station""",20230818,10,161,97,5740,7148
"""Brotulotaenia crassa""",20230207,2,28,5,585,1276
"""Penn Branch""",20230325,7,149,55,4142,6491
"""Song Duk-ho""",20230831,81,33,30,11531,811
"""Cyclostrema charmophron""",20230111,2,25,14,1073,4363
"""Belfast (disambiguation)""",20230511,29,41,116,2919,7350
"""Richard Farnworth""",20230327,8,16,30,3611,5015
"""Seilala Mapusua""",20230624,7,173,153,9179,6771
"""Albion Hills Conservation Area""",20231011,8,479,44,9286,3717
"""John B. Lis""",20230518,1,7,9,2036,1674
"""Karanga""",20231226,13,8,37,556,7233
"""Belladonna (2015 film)""",20230604,3,8,15,3022,3091
"""Dereoba, Çan""",20230828,5,77,6,1103,1395
"""Ilex mitis""",20230427,23,60,59,6425,5145
"""Robert Sénéchal""",20230704,4,28,32,9228,1724
"""Josef Popper-Lynkeus""",20230122,16,54,118,13640,5780
