page_title,date,page_views,back_links_count,page_size
"""Saker falcon""",20230513,159,31802,19519
"""Earth""",20230322,15389,24832,223342
"""Aviary""",20231227,239,3691,14228
"""Wallachia""",20230401,1926,3100,69085
"""List of acts of the Parliament of Scotland from 1425""",20230403,48,2619,19218
"""United States Holocaust Memorial Museum""",20230803,261,2171,53067
"""Uncertainty principle""",20231222,2492,1607,141773
"""Feminist art movement""",20230208,55,1556,35232
"""Sverdlovsk Oblast""",20231005,258,1524,29102
"""Marikina""",20231109,549,1373,95082
"""Distance line""",20230603,34,1275,33367
"""Croydon, Kempton Park""",20231204,19,1271,3070
"""South Sea Company""",20230322,357,1052,71962
"""Uttarpara""",20230816,59,1009,17149
"""Northern Sea Route""",20230123,204,911,41778
"""Lindsay Whalen""",20230728,134,904,41475
"""DIDO1""",20230108,5,837,6803
"""List of Telugu films of 2015""",20230204,76,831,39237
"""National Highway 67 (India)""",20230109,56,814,5072
"""German submarine U-584""",20230924,14,812,11301
"""WWE Superstars""",20230313,93,811,8539
"""List of minor planets: 504001–505000""",20231004,3,796,188802
"""Murshid""",20230804,123,779,2957
"""Iron Bowl""",20231005,1035,778,58691
"""Central African Republic national football team""",20231202,539,711,49379
"""Ottoman Tripolitania""",20230209,434,647,16963
"""Grand Forks Air Defense Sector""",20231125,11,630,5060
"""1889 United States House of Representatives elections""",20230321,10,629,18592
"""2016 Wimbledon Championships – Women's doubles""",20231111,13,616,30881
"""Gauré""",20231220,9,599,1821
"""Tesse""",20230921,4,595,2530
"""Bishop Lavis""",20231220,21,590,4401
"""Irish martial arts""",20230713,65,580,5588
"""Circle of Life""",20230928,508,579,24513
"""Lognes""",20231021,40,575,5358
"""Puppet on a String (Sandie Shaw song)""",20230203,96,570,24387
"""Indian Telly Awards""",20230202,60,565,9507
"""Amur Khabarovsk""",20230128,61,561,13409
"""NGC 812""",20230727,4,559,4378
"""Tauriac, Gironde""",20230507,1,544,1802
"""Replication (computing)""",20230310,100,539,24577
"""Political abuse of psychiatry in the Soviet Union""",20230411,174,535,267182
"""Nazyan District""",20230726,6,533,1494
"""Swarthmore, Pennsylvania""",20231030,103,527,18398
"""Transplant rejection""",20230305,207,521,29940
"""Vierzon""",20230429,42,504,7713
"""List of programs broadcast by TV3 in Norway""",20230604,8,503,64334
"""Lego DC Comics Super Heroes: Aquaman – Rage of Atlantis""",20231127,25,502,11463
"""Last Supper Cave""",20230422,8,500,1720
"""Richard Seddon""",20230210,79,499,57555
"""Mac OS X Leopard""",20230530,333,498,56016
"""Main Line (Long Island Rail Road)""",20230624,83,493,124331
"""1968 St. Louis Cardinals season""",20231025,16,489,15931
"""Fuzhou Changle International Airport""",20230202,73,488,41765
"""Chmod""",20230926,923,484,19612
"""Haroa Assembly constituency""",20230430,12,480,16965
"""Latrine""",20230213,380,479,8302
"""Cyclic nucleotide phosphodiesterase""",20230223,9,477,7268
"""Shree Venkatesh Films""",20230723,159,477,35293
"""Miss Grand Slovakia""",20230802,3,476,11552
"""Tajan, Hautes-Pyrénées""",20230302,5,476,1636
"""Comparative navy enlisted ranks of Post-Soviet states""",20230524,10,474,1994
"""Lyssa""",20230731,177,474,7026
"""ISO 8691""",20230620,61,469,779
"""BBC Arabic""",20230409,59,468,9227
"""Hiawatha National Forest""",20231022,63,457,9556
"""APG III system""",20230824,33,446,48548
"""Onjon""",20230118,2,441,1984
"""Moscow Domodedovo Airport""",20230707,270,436,47600
"""Graeme Sharp""",20230416,83,436,14293
"""Serrigny""",20230221,2,430,1218
"""List of Russia–United States summits""",20230813,40,420,6416
"""2008 in India""",20230203,26,419,23295
"""High School Republican National Federation""",20230115,23,416,7313
"""Deh Firuzvand-e Pain""",20231022,2,416,1990
"""Neuropathic pain""",20230612,472,411,60129
"""Federico Villarreal National University""",20230704,15,407,7398
"""List of populated places in Nigeria""",20231110,83,405,2949
"""Official Progressive Albums Chart""",20230625,4,404,32916
"""List of British innovations and discoveries""",20230204,270,402,139275
"""Annanur railway station""",20230314,10,400,8599
"""Oakey, Queensland""",20230507,35,398,42632
"""Mark Sweeney""",20230627,43,397,12048
"""Mitsubishi G3M""",20231224,204,391,19512
"""Fat's Chicken and Waffles""",20230420,13,389,27535
"""The Strat""",20230306,581,389,174313
"""Nikkita Oliver""",20230610,31,388,18237
"""2019–20 Bahraini Premier League""",20230317,3,387,14366
"""Beaulieu-sur-Mer""",20230404,94,384,9701
"""Operation Tvigi 94""",20230603,24,383,2611
"""Hawkhead railway station""",20230927,8,382,4709
"""Mira B""",20230522,29,381,6594
"""Parliament of Eswatini""",20230425,28,372,2425
"""Crosmières""",20230830,2,369,1919
"""Dick's Picks Volume 20""",20230914,15,368,8171
"""Augustus Drum""",20231115,7,361,2446
"""Heidi Greni""",20230510,5,360,1379
"""2001 Illinois Fighting Illini football team""",20230225,35,359,12953
"""Rugby railway station""",20231001,38,357,35913
"""Airbus A400M Atlas""",20230222,1544,353,96932
"""Luke Sewell""",20231009,11,352,27992
"""Timeline of Scottish football""",20230324,24,346,168404
"""Romashevsky Pogost""",20230623,1,344,2503
"""2018 Supercupa României""",20230328,4,338,10889
"""Charles A. Buckley""",20231108,14,338,10983
"""Andover Theological Seminary""",20230528,38,336,13406
"""1998 Calderdale Metropolitan Borough Council election""",20230211,1,335,1896
"""List of Major League Baseball on ESPN Radio broadcasters""",20231217,15,329,28191
"""German occupation of Estonia during World War II""",20231205,71,329,41199
"""Lost Frequencies""",20230813,403,323,10998
"""Silver Springs State Park""",20231027,40,323,9946
"""Tony Hsieh""",20230615,982,318,27588
"""Raghuvaran""",20231124,893,316,21051
"""Gouni-Peulh""",20231001,3,313,3188
"""Daocheng County""",20230803,19,310,14304
"""Municipality of Cerknica""",20231129,6,309,5680
"""Enannatum I""",20230809,19,305,5772
"""Patrioticheskaya Pesnya""",20230309,135,301,20458
"""Gary Nicholson (singer)""",20230409,22,296,13450
"""2024 Emilia-Romagna Open""",20231122,731,295,7440
"""Stefan Dragutin""",20231023,37,291,29769
"""2024 Liga 1 (Peru)""",20230626,69,288,77954
"""Debus (crater)""",20231028,4,288,4254
"""11th (Northern) Division""",20230903,14,286,17940
"""1892 United States presidential election in North Dakota""",20230515,15,284,25125
"""Archery at the 1996 Summer Olympics""",20231105,15,284,7533
"""List of British films of 2013""",20230909,33,283,139706
"""List of countries by wheat exports""",20231201,105,282,1525
"""Beaten coffee""",20231116,37,281,3743
"""Cham Dogham""",20230703,3,281,1829
"""Vallée du Bandama District""",20230803,11,280,3988
"""Friedrichshafen FF.33""",20230124,22,280,8918
"""Coach""",20230215,95,280,2638
"""Perry T. Jones""",20230818,5,279,3427
"""Renin inhibitor""",20230731,45,278,46383
"""Marcilly-en-Gault""",20231201,6,277,2037
"""Dietlibc""",20230125,31,277,2393
"""Freedom of religion in Myanmar""",20230805,44,276,25954
"""Ren (philosophy)""",20230812,208,276,10064
"""École polytechnique universitaire de Sorbonne Université""",20231130,7,274,2825
"""Pensacola metropolitan area""",20230208,55,273,16670
"""Gouzon""",20230506,9,273,2827
"""Mersin Interfaith Cemetery""",20230315,12,272,8288
"""Warren Upham""",20230304,17,269,4761
"""Otisfield, Maine""",20230403,13,269,12064
"""William Queen""",20230202,32,266,7277
"""Centre for Addiction and Mental Health""",20230324,80,266,49780
"""1996 America's Red Clay Court Championships""",20230108,3,264,2900
"""Erovnuli Liga 2""",20230825,45,263,22200
"""Fort Douglas""",20230307,49,263,17949
"""Jüri Vips""",20230303,190,262,74214
"""A Woman Called Moses""",20230810,36,261,3913
"""Tamires""",20230108,16,261,18217
"""Truganini""",20231111,217,261,45150
"""Somano""",20230430,4,259,4295
"""Brignac, Morbihan""",20231013,2,258,1950
"""Tertiapatus""",20230505,11,257,1991
"""Paial""",20231011,6,256,4940
"""2004–05 Turkish Cup""",20231210,9,255,9904
"""Scouting for All""",20230526,11,252,9558
"""Ganache""",20230705,553,252,7891
"""France men's national under-18 ice hockey team""",20231002,9,251,4075
"""Thore A. Nistad""",20230403,6,251,892
"""Sayer (Ibb)""",20230625,1,251,2961
"""Stokenham""",20230928,7,250,5410
"""Official PlayStation Magazine (Ireland)""",20230722,5,250,2193
"""Walter Rudin""",20231218,98,247,13511
"""1925–26 Divizia A""",20230408,3,245,4633
"""1673 in England""",20231115,5,245,5524
"""Controversies surrounding the Legion of Christ""",20231106,24,245,18257
"""The Marriage of Heaven and Hell""",20230222,363,245,10774
"""Godfrey Mgimwa""",20230406,6,243,3912
"""Property Week""",20231219,21,240,5098
"""Manicaria""",20230203,19,238,19004
"""Mirza Basheer-ud-Din Mahmood Ahmad""",20231205,122,234,51003
"""Ain Aata""",20230521,17,234,10281
"""Edward J. Kay""",20230416,8,233,7601
"""Zsurk""",20230414,6,232,4012
"""Madvar, Kerman""",20231231,2,231,1865
"""Dead checking""",20230106,77,230,2605
"""2018 Maltese Super Cup""",20230103,5,229,6974
"""Barracuda (song)""",20231116,372,228,15544
"""East Timor at the 2010 Summer Youth Olympics""",20230805,3,227,3145
"""Karen Strassman""",20230705,203,226,74410
"""Battle of Lyncestis""",20231109,27,225,11002
"""Palestine–Vietnam relations""",20230806,100,224,4621
"""Saint-Cyr-sur-le-Rhône""",20230527,5,224,1629
"""Fan-gating""",20230114,23,222,2543
"""2007–08 EIHL season""",20230827,2,221,11306
"""Rugby union in Luxembourg""",20231212,9,219,4875
"""Wat Khung Taphao""",20230412,7,219,7375
"""The Gorge Amphitheatre""",20230301,124,218,14108
"""1986 Kansas City Chiefs season""",20231205,36,218,54210
"""AGM-159 JASSM""",20231103,23,217,1180
"""Darvel and Strathaven Railway""",20230912,8,217,2058
"""List of flag bearers for the Democratic Republic of the Congo at the Olympics""",20231010,3,217,4147
"""Salillas""",20230904,3,216,1762
"""Maria Manuel Leitão Marques""",20230104,5,216,4927
"""Mauritius at the 2019 World Athletics Championships""",20230612,3,216,1527
"""Guinea at the 2011 World Championships in Athletics""",20230712,1,215,3420
"""Altybaysor""",20230314,7,215,2761
"""Upper Hanover Township, Pennsylvania""",20230329,10,214,17601
"""Polycentric law""",20230502,37,214,6895
"""2016 Abierto Mexicano Telcel – Women's singles""",20230626,7,214,17703
"""Pavement performance modeling""",20230711,20,214,8315
"""Fiddler crab""",20231120,319,213,36350
"""Athletics at the 1956 Summer Olympics – Women's 4 × 100 metres relay""",20230502,9,213,4338
"""Gustav Hedenvind-Eriksson""",20231012,3,211,2516
"""Montenegro at the 2023 World Aquatics Championships""",20230405,6,210,4413
"""Artephius""",20230803,25,210,4000
"""LNER Thompson Class A2/3""",20230310,0,209,9722
"""2014 Waratah Cup""",20230603,3,209,17763
"""IPSC Nordic Mini Rifle Championship""",20230416,3,209,2212
"""Il Colle, Gaiole in Chianti""",20231108,7,209,1780
"""1976 NCAA Division I men's ice hockey tournament""",20230914,12,209,13341
"""2023 Antalya Challenger""",20230720,4,208,2566
"""1991 Junior World Acrobatic Gymnastics Championships""",20230909,2,207,3737
"""Chinese restaurant process""",20231105,94,207,24826
"""Dogue Creek""",20231217,1,205,2300
"""Colony (short story)""",20230210,12,205,2460
"""Chinese American Museum of Chicago""",20230407,11,205,7213
"""Wellington Management Company""",20231011,199,202,11171
"""Koungoba""",20230427,1,202,4069
"""Jérôme Ferrari""",20230424,14,201,4418
"""Parkhouse, Glasgow G22""",20230609,10,201,9090
"""Secretariat of the 12th Congress of the Russian Communist Party (Bolsheviks)""",20230601,6,200,2995
"""Shawn Abner""",20230727,88,199,11282
"""Avdella""",20230129,6,198,7525
"""Minesweeping Division (Royal Navy)""",20230420,1,197,3421
"""Tutaki""",20230226,1,197,5855
"""Buick Roadmaster""",20230629,341,194,55835
"""Manie Libbok""",20230515,325,193,20119
"""2018 Baylor Bears football team""",20230505,40,193,15998
"""Flavonols""",20230119,66,193,9148
"""Vertente do Lério""",20230131,5,193,6607
"""Micronesia–European Union relations""",20230328,10,192,4431
"""Scylla serrata""",20230623,289,192,5805
"""Security Service Federal Credit Union""",20230901,44,191,4268
"""Sri Lankan cricket team in New Zealand in 1994–95""",20231222,16,191,7785
"""2015–16 North Dakota Fighting Hawks men's ice hockey season""",20230920,11,190,44894
"""Demonware""",20230220,77,189,4389
"""Father of the Bride (franchise)""",20231004,171,188,34646
"""Obukhovo, Noginsky District, Moscow Oblast""",20231121,11,188,6635
"""Tomomi Inada""",20230822,26,184,29739
"""Larry Ball""",20230419,18,183,3314
"""Touring Band 2000""",20231128,7,182,8887
"""Grand Hotel (Nuwara Eliya)""",20230216,36,181,8447
"""2018 Denver Broncos season""",20230219,86,181,171975
"""1977 Kansas Jayhawks football team""",20230522,11,180,5641
"""Brotherhood of the Cross and Star""",20231119,63,180,5971
"""Roman-Dutch law""",20230802,65,180,9913
"""Simmons Bedding Company""",20230110,113,179,15654
"""Bangkong""",20230311,10,179,5852
"""Bundesstraße 10""",20231120,19,178,5207
"""Fort Harrison State Park""",20230202,20,177,10171
"""Karis""",20230406,21,177,5338
"""Gelibolu War Museum""",20230712,2,176,4319
"""Mufulira""",20230509,41,176,14044
"""Sergey Lagodinsky""",20231102,13,176,8695
"""Kassaro""",20231006,9,176,4955
"""List of actors with Hollywood Walk of Fame motion picture stars""",20231104,157,175,107678
"""Indira Gandhi Co-operative Hospital""",20231113,9,175,3043
"""Sun Odyssey 469""",20230829,6,174,12732
"""Lamb shift""",20230702,193,174,13986
"""Squadra Scappatella""",20231130,2,173,5755
"""Lil' Cease""",20230413,234,173,11041
"""Sputnik 3""",20230731,89,172,13149
"""Larkana cricket team""",20230420,113,171,1621
"""We Remain""",20230714,43,169,20807
"""Handleyomys fuscatus""",20231002,3,169,2023
"""Starry Sky""",20231004,42,168,49616
"""2023 Asian Artistic Gymnastics Championships""",20230302,21,168,35278
"""Fanny Durack""",20230115,23,168,10329
"""Yusofabad, Kurdistan""",20230821,2,168,6397
"""Forncett Meadows""",20230524,5,167,2709
"""Het Houten Stadion""",20231215,102,166,4163
"""Leah Howell""",20230604,6,166,3685
"""Love Will Turn You Around (song)""",20230702,47,164,4570
"""Electoral district of Northern Territory""",20230222,3,164,3559
"""1950 Ohio Bobcats football team""",20231027,3,162,6402
"""David Toro""",20230204,17,162,10030
"""Universiti Sultan Azlan Shah""",20231114,3,162,4716
"""Alappuzha Assembly constituency""",20230306,21,162,10609
"""Little Satilla River (Atlantic Ocean)""",20230329,9,161,2426
"""COPPPAL""",20230814,80,161,9202
"""Shotts Gasworks Park Greyhound Track""",20230707,2,160,1770
"""List of University of Pittsburgh faculty""",20230827,15,159,27536
"""S4 (Munich)""",20230322,12,159,9004
"""Taliyah Brooks""",20231115,2,159,5836
"""Nusrat Imrose Tisha""",20230613,262,158,53535
"""Moresby Junction Halt railway station""",20230118,7,158,15310
"""List of international goals scored by Sadio Mané""",20231115,37,157,19440
"""Laulepa""",20230619,2,156,1705
"""Memphrémagog Regional County Municipality""",20231214,12,156,10775
"""2017 European Athletics Indoor Championships – Men's shot put""",20231116,5,156,6745
"""1974 UCLA Bruins football team""",20231207,7,155,7751
"""Susan La Flesche Picotte""",20231219,186,155,37295
"""Operación Puerto doping case""",20230716,43,154,31741
"""Klebsiella""",20230212,451,154,16940
"""Millwall tube station""",20230501,10,153,2827
"""University of Pennsylvania School of Nursing""",20230315,22,153,11751
"""John Wilson Croker""",20230912,18,153,23098
"""Bachelor tax""",20230502,88,153,28331
"""Mexico City Metro overpass collapse""",20230512,91,153,150046
"""Black MIDI""",20230823,120,152,12062
"""St Mary's Catholic School, Newcastle upon Tyne""",20231118,18,152,6045
"""Silver carbonate""",20230521,69,151,9291
"""1929–30 Scottish Division Two""",20230822,3,151,3688
"""1912 in Norway""",20230928,3,151,10227
"""Barlby High School""",20230203,6,151,3355
"""Rich Ellerson""",20231126,15,150,21025
"""Gasimushaghi carpets""",20230912,7,150,6275
"""Nova União (mixed martial arts)""",20230414,42,150,7463
"""John Holloway (Royal Navy officer)""",20230807,11,149,13696
"""Tony Award for Best Stage Technician""",20230314,8,148,4401
"""Mugihito""",20230903,42,148,44789
"""Elisabetta, regina d'Inghilterra""",20231029,8,147,10898
"""Franconia, Virginia""",20231103,35,147,17659
"""2013 Victorian Premier League""",20230712,4,147,11824
"""Easterlin paradox""",20230324,105,147,15273
"""Inspired Talks""",20230715,9,146,6834
"""Kinglake, Victoria""",20230722,47,146,13419
"""Reformed confessions of faith""",20231005,37,145,16572
"""Okny settlement hromada""",20230315,80,144,5709
"""Purple Medley""",20230617,18,144,7546
"""The Prague Post""",20230115,6,143,28811
"""Dar Moulay Ali""",20230118,4,142,4132
"""Quezon City's 4th congressional district""",20230513,38,142,13306
"""Liberty Place""",20231207,122,142,73715
"""Listen to Me (film)""",20230617,129,141,10604
"""Maskis Laulja""",20230204,27,141,51186
"""Markleysburg, Pennsylvania""",20230505,3,141,8764
"""Doc Films""",20231112,11,140,4573
"""Lakes West, Connecticut""",20231115,8,139,3428
"""Churchill Academy and Sixth Form""",20230223,10,138,7470
"""John Schultz (footballer, born 1938)""",20231005,9,138,8699
"""Nymphalis antiopa""",20230129,86,138,31047
"""Sandrine Bailly""",20230916,2,137,14055
"""Jackky Bhagnani""",20230831,871,137,26841
"""Sarcopenia""",20230925,350,136,43459
"""Lagos City Polytechnic""",20231224,16,136,3909
"""Polsat JimJam""",20230221,6,136,1208
"""1982–83 Iraqi National League""",20230611,3,135,7502
"""List of shipwrecks in April 1854""",20230531,3,135,60039
"""Hula Fulla Dance""",20230703,19,133,6156
"""Sweepstakes (film)""",20230617,6,132,6947
"""Neustupov""",20230924,11,132,6457
"""Dreamcast light guns""",20230621,46,132,10857
"""1933 Portsmouth Spartans season""",20230809,9,132,5789
"""The Million Pound Bank Note""",20231114,108,131,6441
"""Raggiana bird-of-paradise""",20230409,111,131,6916
"""Justice Undone""",20230623,1,131,1834
"""2003 PlaceMakers V8 International""",20230602,1,129,32316
"""La Asunción""",20230704,26,129,18462
"""Presbyterian Church in Korea (HwanWon)""",20231127,2,129,858
"""HD 137388""",20230516,14,128,8540
"""Japanese destroyer Murakumo (1928)""",20230422,8,128,12548
"""Jake Guentzel""",20230420,137,128,29401
"""Organorhodium chemistry""",20230624,17,128,10298
"""Lorna Arnold""",20230703,10,128,23869
"""February 1958""",20230304,14,127,70835
"""Asterix in Britain (film)""",20230101,50,127,8481
"""Karpathos Island National Airport""",20230521,28,127,7276
"""Prostitution in Morocco""",20230813,138,126,16566
"""Chornice""",20231114,4,125,3622
"""Lumpy Ridge""",20230412,3,125,1292
"""North Pahroc Range""",20230407,7,125,1951
"""James Joyce Award""",20230413,20,125,21302
"""List of parliamentary constituencies in Norfolk""",20231206,67,125,40648
"""Yamakita, Kanagawa""",20230814,9,125,10454
"""Hikikomi gaeshi""",20231109,11,125,1978
"""Nonce""",20230223,199,124,655
"""Aupeo""",20230410,26,124,14659
"""2024–25 Rochdale A.F.C. season""",20230126,43,124,47409
"""1997 in radio""",20230621,13,124,6019
"""2017 Yokohama F. Marinos season""",20230603,2,123,5538
"""Peter Goalby""",20230429,22,123,5034
"""Nigel Ipinson""",20230601,31,122,5492
"""Camber thrust""",20230908,28,121,4869
"""Mithila Bihari""",20231130,5,121,7544
"""Incolornis""",20230525,8,121,1758
"""Crime in Saint Lucia""",20231109,28,121,4963
"""Paoletta Magoni""",20230609,4,121,3412
"""Ocean Andrew""",20230501,13,121,3133
"""The Genius Sings the Blues""",20230529,50,120,7921
"""Michael Clifford (musician)""",20230303,305,120,16771
"""Scabiosa""",20230128,91,120,10804
"""KVMV""",20230301,3,120,3205
"""Ratton School""",20230625,3,120,2568
"""Nick Serino""",20230201,12,120,3060
"""Listen to the Band (song)""",20230308,28,120,6645
"""David Oakley (bishop)""",20230428,4,119,3771
"""Ana de la Reguera""",20231115,779,119,16919
"""Mehlbek""",20230309,1,119,863
"""Cam Thủy, Quảng Bình""",20230918,2,119,3965
"""Maya HD""",20230330,28,119,4825
"""Pierre Belon""",20230818,30,118,10827
"""2023 in Liberia""",20230518,132,118,5980
"""2018 FIBA U16 European Championship""",20230921,4,118,9890
"""San Jose Sports & Entertainment Enterprises""",20230620,46,118,2889
"""Bill Kibby""",20230605,21,118,22965
"""1990 DieHard 500""",20231010,6,118,22710
"""Gallager carbine""",20231216,40,118,7233
"""Taylors Falls, Minnesota""",20231127,22,117,12800
"""Intention-to-treat analysis""",20230612,193,117,10774
"""Volleyball at the 1967 Pan American Games""",20231226,4,116,4103
"""2015 WGC-Bridgestone Invitational""",20230806,4,115,17078
"""Peter Raw""",20230722,18,115,35019
"""Kakhovka Dam""",20230815,206,115,33983
"""Robert Fick""",20230411,16,115,7526
"""Athletics at the 2015 Pan American Games – Men's marathon""",20230127,2,114,5405
"""Everything's Gone Green""",20230214,119,114,8106
"""The Bodyguard from Beijing""",20230303,259,113,11380
"""Korean Air Cargo Flight 6316""",20231119,53,113,10208
"""St Michael's Church, Llanfihangel Ysgeifiog""",20230418,6,113,14105
"""Paul Gait""",20230405,31,113,19430
"""Independent Spirit Award for Best Supporting Performance""",20231119,16,112,4249
"""1958 in Israel""",20231115,11,112,4952
"""Redick Tower""",20231008,3,111,4353
"""File sharing in the United Kingdom""",20231224,28,111,17811
"""Look into the Future""",20230109,189,111,5480
"""1964 AFC Youth Championship""",20230808,7,111,4678
"""Lagrange, Territoire de Belfort""",20230606,8,110,1692
"""Jamal Perry""",20230807,13,110,17465
"""Cláudio Castro""",20231127,24,110,9026
"""2019 Women's Afrobasket""",20230704,10,110,34031
"""Men's Irish Hockey League""",20230711,4,110,24799
"""Dengeki Bunko: Fighting Climax""",20230825,119,109,28152
"""Disability in Canada""",20230106,24,109,15734
"""Queen Mary's Song""",20231005,2,109,4798
"""Mayor Island / Tūhua""",20231230,0,108,13355
"""Everest Records""",20231016,12,108,14360
"""ASEAN PGA Tour""",20230816,13,108,26922
"""Deh Nush""",20231215,3,108,1818
"""Zdenko Kobeščak""",20230414,4,107,3920
"""Nylars""",20231209,5,107,1152
"""Pacode""",20230221,4,107,3571
"""Ulundi Local Municipality""",20230531,10,107,10335
"""Clive Middlemass""",20230602,6,107,5368
"""RAX-2""",20230704,6,107,14694
"""To Be Young""",20231206,7,107,6016
"""2024 Los Angeles FC 2 season""",20230313,1,106,19955
"""Berschweiler bei Baumholder""",20230914,4,106,6175
"""Lugano Tigers""",20231115,8,106,4785
"""Lanthanosuchidae""",20230320,3,105,1016
"""Prelude to Space""",20230913,21,105,5439
"""Kenny Hotz""",20230720,185,105,41599
"""1957 All-Ireland Minor Hurling Championship""",20230430,2,105,11360
"""Kylea Tink""",20231214,81,105,19518
"""Justin Parker""",20230514,47,105,9525
"""GMR (magazine)""",20230715,11,104,6352
"""Conservatory of Music of Puerto Rico""",20230908,15,104,9644
"""Jessie Ball duPont""",20231222,21,104,14855
"""Sriramapura""",20230126,4,104,4387
"""National Policy on Education""",20230325,471,103,16605
"""Handcross Park School""",20230328,10,103,6864
"""Pieroni""",20231008,1,103,782
"""Újezd u Plánice""",20230731,4,103,3601
"""Shafer Building""",20230814,3,103,3689
"""Nanobots (album)""",20230505,33,102,17122
"""Nigeria national under-19 cricket team""",20230803,7,102,4957
"""Gecəgözlü""",20230108,2,101,1182
"""Change (Miwa song)""",20230516,8,101,7802
"""Mohamed Abou Gabal""",20230223,95,101,13505
"""2012 World Junior Championships in Athletics – Women's hammer throw""",20230802,2,101,10554
"""Rivet High School (Vincennes, Indiana)""",20230825,3,101,5326
"""Frederick Ouseley""",20230607,5,101,6292
"""Winter X Games XX""",20231218,10,100,28213
"""Ski jumping at the 2010 Winter Olympics – Normal hill individual""",20230203,8,100,31710
"""Saint George and the Dragon (book)""",20230617,16,100,7230
"""Shreveport Steamer""",20230107,23,100,11599
"""Zhuangpiao""",20230123,3,100,28630
"""Dümpelfeld""",20230407,1,99,1157
"""Krepovsky""",20231118,2,99,2586
"""José Cevallos (footballer, born 1971)""",20230727,14,98,12935
"""Holywood, Dumfries and Galloway""",20230718,4,98,6084
"""Horace Fogel""",20231017,5,98,9239
"""Devon Bailey""",20231010,10,98,6838
"""Jon Montgomery""",20230313,54,97,13791
"""Hespeler, Ontario""",20230831,17,97,24778
"""Podkopná Lhota""",20230323,3,97,3545
"""Wandal, Sindagi""",20231108,1,97,4735
"""Clydach F.C.""",20230807,2,97,2222
"""Nigerian Railway Corporation""",20231210,50,97,20041
"""Sopota, Zagorje ob Savi""",20230131,1,97,4573
"""Vicious (Lou Reed song)""",20231102,25,96,4611
"""1988–89 Polska Liga Hokejowa season""",20230628,4,96,4389
"""2nd Alpini Regiment""",20231116,11,96,45761
"""Rousimar Palhares""",20231116,190,96,38221
"""DuPage Valley Conference""",20230512,13,95,22679
"""Dafydd Trystan Davies""",20230918,7,95,4018
"""2006 Perth V8 400""",20230714,3,94,36103
"""Kríže""",20230808,3,94,3384
"""Aleksandar Kolev""",20231119,186,94,23621
"""Philippines at the 2024 Winter Youth Olympics""",20230224,44,94,13945
"""Japanese High School Baseball Invitational Tournament""",20230625,25,94,5461
"""Blue Line (SacRT)""",20231102,50,93,16828
"""Kimberley Conrad""",20230120,693,92,5242
"""Rheinau (Baden)""",20231106,11,92,4152
"""Okere District""",20230723,6,92,5369
"""34th government of Turkey""",20230119,6,92,4484
"""Geastrum""",20231022,30,92,11915
"""1997 Auckland Warriors season""",20230709,2,92,18870
"""Hungerford Lock""",20230817,1,91,1313
"""Carmen Aristegui""",20230528,39,91,37871
"""13th Quebec Legislature""",20230914,6,91,16975
"""Venezuela national cerebral palsy football team""",20230715,7,90,13556
"""List of newspapers in Cambodia""",20230920,16,90,2282
"""South Africa and the World Bank""",20231225,2,90,3827
"""Wrestling at the 1988 Summer Olympics – Men's Greco-Roman 90 kg""",20230727,4,90,16993
"""Gregory B. Williams""",20230422,22,89,6792
"""List of Texas Tech University faculty""",20230807,8,89,30716
"""Ministry of Agriculture and Forestry (New Zealand)""",20230217,14,89,5424
"""Eurovoetbal""",20230506,5,88,6796
"""1996 LPGA Championship""",20230709,1,88,5084
"""Ghawiyah""",20231111,5,88,1942
"""Ankusam""",20230227,63,88,6296
"""La Música de Baldemar Huerta""",20230224,11,88,7076
"""Rabbinically prohibited activities of Shabbat""",20230107,52,88,4338
"""Oxley United FC""",20230214,2,88,9216
"""Magnitogorsk Iron and Steel Works""",20230720,98,87,20150
"""List of unbuilt autoroutes of Quebec""",20230613,13,86,29945
"""Dicmo""",20230420,9,86,6278
"""James Bonham""",20230428,52,86,8350
"""2015 Connecticut Sun season""",20231006,3,86,1527
"""Al Ameen (newspaper)""",20230407,29,86,5994
"""Barbados national football team results (2020–present)""",20230128,3,86,19532
"""West of Wyoming""",20230902,6,85,2078
"""Günter Kunert""",20230629,13,85,31341
"""Thomas Frankson""",20231226,2,85,3049
"""Shamabad, Razavi Khorasan""",20230106,1,84,7574
"""Miyako Ishiuchi""",20230201,22,84,9486
"""Wang Yuqing""",20230824,21,84,10770
"""Clintonite""",20230226,29,84,4985
"""Oscar François de Jarjayes""",20231013,91,83,22880
"""J. Moss""",20230214,67,83,8087
"""William A. Dawson""",20230820,5,83,4525
"""Lola T616""",20231215,6,82,17828
"""The Faith (1947 film)""",20230223,4,82,2441
"""2002 World Wrestling Championships – Men's freestyle 60 kg""",20230102,4,82,12463
"""F. G. Bailey""",20231229,10,81,7962
"""Rowing in the United States""",20230426,9,81,4525
"""Laurentian Voyageurs women's basketball""",20231007,8,81,13705
"""Morocco at the 1984 Winter Olympics""",20230317,3,81,2639
"""Woodford Wells""",20231220,5,80,2586
"""Yukarıbozan, Ilgaz""",20230927,1,80,1123
"""Salida del Sol Estates, Texas""",20230325,6,80,8486
"""Caleb Wiley House""",20230830,4,80,2751
"""Graeme Hallas""",20231109,3,80,8350
"""Jerry Keller""",20230810,14,79,6035
"""Armed Forces of the Philippines Command and General Staff College""",20230118,45,79,5916
"""1910 Haskell Indians football team""",20230410,1,79,3830
"""Teresa Hord Owens""",20231213,12,79,4057
"""Temettu""",20230124,4,79,3654
"""Santiago Salfate""",20230316,1,79,3293
"""Hawise, Duchess of Brittany""",20230409,27,79,3345
"""The Gold of Naples""",20230708,51,78,5654
"""Elyakhin""",20230710,10,78,3931
"""Dimcho Belyakov""",20230129,4,78,3977
"""William Wilson (Boardwalk Empire)""",20230725,13,78,13219
"""Sasha Pivovarova""",20230730,100,78,16950
"""Aristovo, Ust-Kubinsky District, Vologda Oblast""",20230103,3,78,2230
"""Değirmencik, Nusaybin""",20230713,1,77,2843
"""Fritz Grösche""",20230313,2,77,3123
"""2014 Fujieda MYFC season""",20231004,2,77,11189
"""Alga District""",20230531,2,77,3969
"""Superstition (Shirley Scott album)""",20231225,1,77,2455
"""Norton Junction railway station""",20230914,5,76,2802
"""Docking@Home""",20230114,9,76,2721
"""Boot Party""",20230129,11,76,2892
"""Rudolf Elsener""",20230905,7,76,3247
"""Rugby Club Partizan""",20230703,2,76,4582
"""Tenkawa, Nara""",20230606,6,75,3924
"""Pablo Galdames (footballer, born 1974)""",20230920,9,75,7038
"""Shallow Be Thy Game""",20230917,18,75,2671
"""State hospital""",20230618,28,75,1258
"""Dheerga Sumangali""",20230723,33,75,11687
"""University of South Carolina Libraries""",20231231,7,75,8193
"""Sunchales""",20231010,1,75,6077
"""List of Columbus Crew seasons""",20230627,32,74,13921
"""Come Home with Me""",20231217,181,73,16050
"""Hypochondrium""",20231006,160,73,5096
"""SM U-81""",20231006,3,73,12611
"""Ananya Bhat""",20230906,132,73,8909
"""Treis Gefyres""",20231120,6,73,2285
"""9th Japan Record Awards""",20230321,2,72,2410
"""1902 North-West Territories general election""",20230817,12,72,13903
"""Ankatafa""",20231217,1,72,5161
"""2008 World Ladies Snooker Championship""",20230114,7,71,5853
"""False Witness""",20230505,43,71,6800
"""Régiment de Maisonneuve""",20231002,2,71,12893
"""Siegfried Lorenz (baritone)""",20230723,7,71,8601
"""The Profane Exhibit""",20230513,31,70,12814
"""2018 Wagga Wagga state by-election""",20230530,9,70,12190
"""Chegeni, Ilam""",20231204,3,70,2280
"""Ministry of Emergency Situations (Azerbaijan)""",20230629,22,70,15087
"""Aloha Milkyway""",20230420,10,70,8512
"""Mumsnet""",20231004,79,70,31818
"""Caerau F.C.""",20230728,21,70,3758
"""John W. Rogers (horse trainer)""",20230106,31,70,6730
"""List of Cachaça brands""",20230117,9,70,6137
"""Gregory Guillot""",20230816,37,69,10182
"""John Fuhrer""",20231117,1,69,10423
"""Iryna Shepetyuk""",20230531,2,69,4730
"""AS Djerba""",20231109,4,69,1716
"""1954 FAMAS Awards""",20230724,3,68,4170
"""Provincial Highway 72 (Taiwan)""",20230109,7,68,3831
"""List of Austrian-school economists""",20231231,6,68,14801
"""Louder Than Live""",20230120,16,68,6149
"""Arthur season 11""",20230719,16,68,14141
"""Taekwondo at the 2008 Summer Olympics – Men's 68 kg""",20231021,4,67,7411
"""908""",20230304,14,67,7046
"""Henry Hawtrey""",20231110,4,67,3773
"""Ubon Ratchathani Main Line""",20231103,2,67,5133
"""Remaindered book""",20230802,50,67,3274
"""Frank Fenton (writer)""",20230802,7,67,13641
"""1915–16 Colgate men's basketball team""",20230619,2,67,8485
"""DEC 4000 AXP""",20230805,11,66,7658
"""1918 Haskell Indians football team""",20230331,8,66,4476
"""1941 Carnegie Tech Tartans football team""",20230914,5,66,7497
"""Exercises (album)""",20230628,64,65,4496
"""Deep tech""",20230407,332,65,9071
"""Clydesdale Bank £50 note""",20230406,5,64,4689
"""John Sullivan (catcher)""",20230426,6,64,5736
"""Chung Sze-yuen""",20230511,12,64,24351
"""1998 German Formula Three Championship""",20230516,2,64,33104
"""Sombrero, Anguilla""",20230912,16,64,13288
"""Benjamin S. Kelsey""",20231212,7,64,35844
"""Alfonso Scalzone""",20231208,1,64,3049
"""Maya cave sites""",20230201,11,63,18819
"""John Cahill (bishop)""",20231103,2,63,4985
"""Maria Komarova""",20230204,1,63,8484
"""Arakan campaign (1942–1943)""",20230518,65,63,20216
"""Samuel Fuller (priest)""",20230628,2,63,5220
"""LLYLM""",20230117,35,63,13227
"""1992 Tatarstani sovereignty referendum""",20231209,26,63,43423
"""Dhanotu, Kangra district""",20231124,3,63,2482
"""Romania at the 1932 Winter Olympics""",20231231,1,63,2783
"""Geoff Geary""",20230808,8,63,6342
"""2008–09 Ferencvárosi TC season""",20230726,5,63,69628
"""Battle of Ginnis""",20230405,27,62,8768
"""Rio Grande cutthroat trout""",20230325,26,62,8747
"""Igor Savić (football manager)""",20230704,3,62,3987
"""Mickey MacConnell""",20230219,12,62,2318
"""Omaha Supernovas""",20230608,106,62,12233
"""Time trial at the Olympics""",20230410,11,61,12635
"""Krippendorf-Dittman Company""",20230304,1,61,2701
"""1905–06 Oregon Agricultural Aggies men's basketball team""",20231021,3,61,3190
"""Joint Operations Command (Zimbabwe)""",20231113,9,61,4927
"""Byszew""",20230320,1,60,1377
"""Hayate the Combat Butler! Heaven Is a Place on Earth""",20230613,14,60,4118
"""Campbell's law""",20230506,179,60,8170
"""Mirhajj""",20230312,3,59,1665
"""Hyper Shahr Shahin Shahr FSC""",20231227,2,59,2481
"""Copake (CDP), New York""",20230408,1,59,6392
"""Afghan cricket team against Pakistan in the UAE in 2011–12""",20230228,4,59,21664
"""Anissa Lahmari""",20231206,18,59,14352
"""Smajlovići""",20230530,2,59,3035
"""Centre for Analysis of Strategies and Technologies""",20230216,8,58,15017
"""Ziddi (1997 film)""",20230319,167,58,10203
"""Czarne Wielkie""",20230816,3,58,2041
"""The Wilhelm Scream""",20230813,39,58,4767
"""John Ford bibliography""",20231118,3,58,1153
"""2001 Viennese state election""",20230429,3,57,16439
"""1987–88 Clemson Tigers women's basketball team""",20231130,1,57,11478
"""Walter Tenney Carleton""",20230217,10,57,5052
"""North Carolina Highway 75""",20230603,4,57,8173
"""Paulino de la Fuente""",20230610,22,57,8746
"""Philip T. Chicola""",20230619,3,57,3891
"""Blue Saxophone""",20230119,3,57,2948
"""D. I. Suchianu""",20230811,12,57,63932
"""Table tennis at the 2018 Mediterranean Games""",20230318,6,56,3274
"""Live at Benaroya Hall with the Seattle Symphony""",20230122,9,56,24597
"""Rafael Joseffy""",20230227,4,56,4266
"""Artsiom Zaitsau""",20230620,1,56,2139
"""Alexander Logan""",20230224,1,56,2363
"""Political finance""",20231213,25,56,25077
"""Meloinae""",20231024,4,55,2961
"""Biniątki""",20230204,2,55,1436
"""RAAF Command""",20230205,4,55,17109
"""Shō Sei (r. 1803)""",20230414,3,55,1608
"""Ornithoptera aesacus""",20231002,5,55,5082
"""Bağlıca, Ardanuç""",20230428,1,55,1072
"""ALF's Hit Talk Show""",20230918,33,55,4973
"""A Summer by the River""",20230718,8,54,3299
"""Paul Corbould""",20231118,6,54,12565
"""Arizona Southern Baptist Convention""",20230205,5,54,5204
"""Casa Amarilla""",20230325,4,54,9080
"""Athletics at the 2011 Pan American Games – Women's 3000 metres steeplechase""",20230317,2,54,4904
"""Scott Parse""",20230420,5,54,9049
"""Lucky Starr and the Oceans of Venus""",20230424,16,54,9956
"""William Stanford Davis""",20230621,112,54,21680
"""She Couldn't Say No (1939 film)""",20230129,7,54,2604
"""USS Lassen (AE-3)""",20230307,5,54,11350
"""Tsiombe District""",20230608,2,54,659
"""Köln-Nippes station""",20230220,7,53,3859
"""Grzebienie""",20231125,1,53,2886
"""Rokel River""",20230206,24,53,11803
"""Endowed Schools Act 1869""",20230501,11,53,8465
"""Selckë""",20231128,2,53,10195
"""Sandro Petraglia""",20230823,20,53,10220
"""Mountain Creek Lake Bridge""",20230614,7,53,1834
"""Gmina Krzęcin""",20231009,1,53,3006
"""Judkins shogi""",20230208,6,53,29558
"""Plymouth Expresso""",20230112,10,53,1306
"""Tenmile, Coos County, Oregon""",20230624,3,53,3445
"""Bertram Bracken""",20230403,4,53,6041
"""Reed Holdaway""",20230610,5,52,3453
"""Tristin Mays""",20230210,330,52,6325
"""Incidence""",20230714,7,52,1575
"""Nossa Senhora do Rosário (Ribeira Grande)""",20230909,1,52,1588
"""Don Thompson Awards""",20231017,1,52,12165
"""Scot Brantley""",20230911,10,51,14405
"""1987–88 Yale Bulldogs men's basketball team""",20230130,30,51,20281
"""Panicum repens""",20231128,59,51,8200
"""Collage (Ratt album)""",20231207,35,51,4402
"""Death Note: New Generation""",20231102,95,51,7268
"""Nikephoros the Monk""",20231114,9,51,2577
"""American Musical Instrument Society""",20230727,3,51,4671
"""Uzovské Pekľany""",20230728,2,50,905
"""La Semiramide riconosciuta""",20230515,2,50,864
"""Geoffrey Cather""",20230821,16,50,6921
"""Gluconasturtiin""",20230917,5,50,6674
"""Gmina Sypniewo""",20230207,2,50,3343
"""Alex Karalexis""",20230719,24,50,13118
"""The End (The Goodies)""",20230126,4,50,5705
"""2020–21 UMBC Retrievers men's basketball team""",20230608,8,50,13733
"""Limaria hians""",20231106,5,50,4264
"""SERPINB8""",20230531,2,49,4323
"""Petrișor Petrescu""",20230912,5,49,2791
"""Ford Models Supermodel of the World""",20230415,58,49,5030
"""Room (Nels Cline and Julian Lage album)""",20230605,20,49,4784
"""Béatrice (opera)""",20230419,1,49,9344
"""2020–21 Boston University Terriers men's basketball team""",20230706,7,49,14139
"""Kisiołki""",20230308,1,48,1395
"""List of ship decommissionings in 1982""",20230310,11,48,3371
"""List of Magic Knight Rayearth characters""",20230131,57,48,44170
"""Chris Thurmond""",20231216,17,48,8915
"""2021 U-20 Africa Cup of Nations squads""",20230728,7,48,60976
"""Highfield House Condominium""",20230710,21,48,4689
"""Brian J. O'Neill""",20230625,37,48,3838
"""Sakuntala (Claudel)""",20230215,45,48,12559
"""Half Past Forever (Till I'm Blue in the Heart)""",20230301,2,48,2295
"""Pain de seigle valaisan""",20231105,6,48,1365
"""Quartered Safe Out Here""",20230310,9,48,2967
"""UAAP Season 86 volleyball tournaments""",20230310,108,48,98371
"""Alcatraz Library""",20230313,8,48,3966
"""2021–22 Buriram United F.C. season""",20231029,12,48,63429
"""Genderism""",20231026,7,48,691
"""1990 AFL reserves season""",20230604,1,47,6773
"""North Hurley, New Mexico""",20231025,4,47,4007
"""Robin Coste Lewis""",20230311,20,47,14691
"""Lovewell State Park""",20230919,1,47,2783
"""Ayzar Akmatov""",20230824,16,47,6140
"""Beatmania IIDX 6th Style""",20230625,8,47,4143
"""Latin Quarter (1929 film)""",20230622,2,47,2273
"""Lampkowo""",20230411,1,46,1635
"""Pattersonville, Ohio""",20230906,4,45,1904
"""2024 UEC European Track Championships – Women's sprint""",20230323,60,45,11129
"""Trimline telephone""",20230108,39,45,12397
"""Tyler Johnson (baseball, born 1995)""",20230924,10,45,7476
"""Gesine Bullock-Prado""",20230125,737,45,5619
"""Łazek""",20230726,3,45,1270
"""Missouri Route 763""",20230227,2,45,4577
"""Leonard Salzedo""",20231210,6,44,9846
"""Anthony Muirhead""",20230828,8,44,7963
"""List of marathon races""",20230507,13,44,489
"""Sameer Wankhede""",20230524,537,44,16012
"""East View High School (Georgetown, Texas)""",20230616,12,44,3500
"""Operation Outflank""",20231004,6,44,1446
"""Roman Catholic Diocese of Araçuaí""",20230316,5,44,4250
"""I Caught Fire""",20230221,6,44,2819
"""Fritz Geißler""",20230919,5,44,4097
"""Red Arrow (PRR train)""",20230905,12,44,4913
"""Clay Township, Atchison County, Missouri""",20230303,1,44,5033
"""Shooting at the 2023 European Games – Men's 25 metre rapid fire pistol""",20230126,1,44,11102
"""No Tomorrow (How I Met Your Mother)""",20231105,22,43,5714
"""Kosmos 1792""",20231125,5,43,4163
"""Hillcrest Grammar School""",20230421,10,43,7836
"""Todd Kessler""",20231004,39,43,14981
"""Autry Beamon""",20230428,13,43,6230
"""M-Cresol""",20230723,95,43,8798
"""Martin Selmayr""",20230118,29,43,13685
"""Lambertus Johannes Toxopeus""",20230214,3,42,2242
"""Chadian literature""",20230730,9,42,1612
"""Thessaloniki Suburban Railway""",20231027,15,42,28742
"""1942 Creighton Bluejays football team""",20230612,6,42,7716
"""Cameron Shepherd""",20230927,5,42,6065
"""Leslie B. McLemore""",20230308,15,42,11331
"""Ignacio Jeraldino""",20230128,8,42,6864
"""Jack Landau (director)""",20230308,6,42,8839
"""Genesis GV70""",20230730,170,42,12189
"""Royal Gazette (Thailand)""",20231024,26,42,21623
"""Brownsboro, Caldwell County, Texas""",20231210,4,42,2640
"""Hohentengen""",20230314,7,42,2091
"""St. Olav's University Hospital""",20231230,7,42,4025
"""Poniatów, Piotrków County""",20230806,1,41,1508
"""4th North Midland Brigade, Royal Field Artillery""",20230721,10,41,70245
"""Norway's Resistance Museum""",20230802,13,41,4056
"""1534 in literature""",20231031,10,41,2848
"""August 2015 Egypt bombings""",20230410,5,41,3639
"""Leonid Lukov""",20230927,10,41,3768
"""Short Sharp Shock (film)""",20230310,15,41,5651
"""Kitty Horrorshow""",20230115,81,41,24570
"""Legendary Fighter: Yang's Heroine""",20230113,7,41,5779
"""Yevhen Shcherban""",20231220,16,41,12008
"""George Young (saxophonist)""",20230129,8,40,6449
"""Gmina Mietków""",20230401,7,40,3204
"""Action of 26 July 1806""",20230405,12,40,13176
"""Tristar and Red Sector Incorporated""",20230921,21,40,5465
"""Daniel Williams (Mississippi politician)""",20231017,4,40,2506
"""Pair-house""",20231008,3,40,15176
"""Charles Cuff""",20230404,4,40,1942
"""Patrick Partosa""",20231225,89,40,1579
"""Boxing at the 1998 Asian Games – Men's 57 kg""",20230805,1,40,5319
"""WLML-FM""",20231223,7,39,2307
"""Bullet-shooting crossbow""",20230906,62,39,7330
"""Manuel Díez-Alegría""",20231014,4,39,10645
"""Sean Brewer""",20230514,7,39,12265
"""Jordan Peters""",20230309,8,38,6847
"""Miechowice Duże""",20230523,1,38,1364
"""1932 Staten Island Stapletons season""",20230619,2,38,4611
"""Mer's Lips""",20230324,2,38,2252
"""HNLMS Callenburgh (F808)""",20231029,5,38,11238
"""1970 in Estonian television""",20230415,2,38,884
"""OpenProj""",20231225,20,38,8815
"""OpenSL ES""",20230907,18,38,6503
"""R51 (South Africa)""",20231023,3,38,5791
"""O Fortuna (album)""",20230626,3,38,3556
"""Villa Estrella""",20230319,21,38,8945
"""Atatürk Spor Salonu (Tram İzmir)""",20230817,3,38,1959
"""Weightlifting at the 2011 Pan American Games – Women's 75 kg""",20231215,3,38,4012
"""Luisa Tamanitoakula""",20230223,9,38,4541
"""Ramprasad Ki Tehrvi""",20231213,187,38,14035
"""Kerry Ketter""",20231210,6,37,5363
"""Yu Juemin""",20231123,3,37,1404
"""Eochaid""",20230929,20,37,3727
"""Feliksin, Masovian Voivodeship""",20231029,1,37,1475
"""Dębiny, Sępólno County""",20230802,5,37,1519
"""The Quantum Enigma""",20231005,42,37,22886
"""David Horspool""",20230822,8,37,2510
"""2021 Red Bull MotoGP Rookies Cup""",20230417,22,37,24637
"""Boris Aronov""",20230923,4,37,1657
"""Shahram Goudarzi""",20231209,5,37,5444
"""Howard J. Rubenstein""",20230918,18,37,9863
"""Torsion group""",20230827,57,37,4722
"""Robin Tenney""",20230627,1,37,3905
"""Waitemata (ship)""",20230203,5,36,5509
"""Jeff Pico""",20230106,19,36,9702
"""Magnificent catshark""",20230529,4,36,5545
"""Kathleen Lidderdale""",20230413,2,36,5805
"""Durga Mohan Das""",20231112,12,36,2911
"""Key signing party""",20230908,27,36,3213
"""Dança dos Famosos season 10""",20230113,8,36,27598
"""Siskiyou (band)""",20230427,7,36,4348
"""John Toal (Gaelic footballer)""",20230728,81,36,3477
"""Kotipa""",20230515,3,36,4384
"""Paul Moller""",20230630,20,36,9848
"""Skupie, Siedlce County""",20231013,2,36,1471
"""Belden, Nebraska""",20230925,6,36,8326
"""Alexander Christovão""",20230106,8,36,8183
"""Dover, North Carolina""",20230327,16,36,6608
"""Myles Gal""",20230402,4,35,2679
"""Tea with pine nuts""",20230403,16,35,1319
"""Philip Henningsson""",20230629,2,35,2424
"""Majdan Ostrowski""",20231228,1,35,1469
"""Knife (novel)""",20230923,24,35,4051
"""Volland, Kansas""",20231012,5,35,1566
"""Azrudin Valentić""",20230423,10,35,8023
"""John Trengove (director)""",20230502,100,35,5148
"""Lydie Denier""",20230605,40,35,6006
"""Julian Stockwin""",20230715,27,35,13922
"""The Head of the Family (1967 film)""",20230421,6,35,3819
"""The Gap Band (1979 album)""",20231021,36,35,3524
"""ISO/IEC JTC 1/SC 17""",20231023,0,35,12562
"""2014–15 Hapoel Tel Aviv F.C. season""",20230121,2,35,20391
"""Anbe Un Vasam""",20231010,13,35,8251
"""Sullivan Central High School""",20230213,1,35,5143
"""Ainārs Ķiksis""",20231227,4,35,1876
"""Stawinoga""",20231112,1,34,1474
"""Makrani (caste)""",20230216,33,34,6123
"""Lagena""",20230201,1,34,290
"""Sovereign Grant Act 2011""",20230319,72,34,18178
"""Rokosowo, West Pomeranian Voivodeship""",20230616,2,34,1737
"""1943 Swedish Ice Hockey Championship""",20231030,1,34,1688
"""Tommy Burks""",20231230,77,34,5010
"""New York State Route 272""",20230417,4,34,8308
"""Revelashen""",20231213,9,34,4549
"""Manu Narayan""",20230315,30,34,18984
"""Gruszczyn, Greater Poland Voivodeship""",20230318,4,34,1522
"""Sternberg""",20230331,12,34,1267
"""November 1882 geomagnetic storm""",20230630,21,33,9178
"""The Empress of Dreams""",20231008,7,33,3149
"""Breakers (1996 video game)""",20230805,69,33,21627
"""Bestiario""",20230424,20,33,3197
"""Juliusz Zarębski""",20230709,7,33,7912
"""Čakova""",20230813,2,33,4415
"""The Sunshine Company""",20230326,24,33,6019
"""HMS Shannon (1757)""",20231217,7,33,6708
"""Simcox Cup""",20231111,46,33,4985
"""Chesley V. Morton""",20230224,9,33,17357
"""Antoneuca""",20230817,3,33,2189
"""Dilly (song)""",20230201,6,33,4669
"""Glendower Street, Monmouth""",20230720,8,33,30800
"""Kokhlatskoye""",20230617,1,33,2591
"""Anshunsaurus""",20230321,7,32,7563
"""Hattendorf Prize""",20231101,8,32,6561
"""Padmavati""",20231109,4,32,1608
"""Ready, Kentucky""",20230714,1,32,1098
"""Markus Büchel cabinet""",20230621,52,32,6740
"""Bing Health""",20230524,15,32,5015
"""Köprübaşı, Manisa""",20230330,9,32,3614
"""Transverse cervical nerve""",20231123,18,32,2624
"""Elise Finch""",20230402,55,32,6624
"""Wave (T-Square album)""",20230607,5,32,2580
"""Cestrum parqui""",20230704,26,32,10290
"""Lurgan Subdivision""",20230625,5,32,3414
"""Hyperphosphatasia with mental retardation syndrome""",20231212,10,31,6784
"""2010–11 AEL Kalloni F.C. season""",20230124,2,31,5178
"""Second Chances (American TV series)""",20230510,20,31,6739
"""Lee Moore (politician)""",20231211,2,31,4675
"""Diving at the 2010 Commonwealth Games – Men's synchronised 3 metre springboard""",20230208,3,31,2673
"""CHBB-FM""",20231216,4,31,2526
"""Breg, Žirovnica""",20230608,2,31,6282
"""Bearded bellbird""",20230809,15,31,7628
"""Home (Steve Swallow album)""",20230530,8,31,2798
"""CILS-FM""",20230510,8,31,2601
"""Mathias Trettenes""",20230928,5,31,8505
"""Skandinavisk Dyrepark""",20231011,4,31,3541
"""Pranas Mašiotas""",20230524,7,31,27274
"""Madeleine de Choiseul""",20230803,1,30,2908
"""Baloise Session""",20230414,57,30,6942
"""Deborah Hyde""",20231115,20,30,21500
"""List of albums containing a hidden track: E""",20231201,7,30,8309
"""Watkins 29""",20230315,1,30,9502
"""Arizona Fourth Amendment Protection Act""",20230131,7,30,8267
"""Maurice Renaud""",20230904,7,30,9099
"""Kajew, Greater Poland Voivodeship""",20230419,1,30,1555
"""Mamadou Coulibaly (footballer, born 1980)""",20231212,2,30,3892
"""Zbory""",20230221,1,30,1494
"""Walnut Street Prison""",20230312,63,30,8022
"""Wenceslaus II of Legnica""",20230820,7,30,9366
"""Jan and Herb Conn""",20230408,18,30,36398
"""Puerta de Hierro, el exilio de Perón""",20230801,3,30,6048
"""Michael Ranneberger""",20231027,21,30,5691
"""Clive Loader""",20231023,8,30,16303
"""Frank Mountford""",20231114,8,29,4769
"""Pete""",20230214,24,29,2438
"""Gabriele Mulazzi""",20230929,7,29,7783
"""Texas State Teachers Association""",20230318,4,29,1994
"""16–25 Railcard""",20231216,27,29,26333
"""Irreligion in Brazil""",20231225,31,29,12852
"""John Easdale""",20230414,49,29,1407
"""2017 Open de Limoges""",20230105,4,29,3602
"""Jack Paff""",20231030,1,29,3786
"""Hasora""",20230704,5,29,5626
"""Glyceric acid""",20230518,35,29,4070
"""James Nyx Jr.""",20230225,5,29,4525
"""WELL""",20230507,6,29,429
"""Perniagaan (newspaper)""",20230614,3,29,8361
"""Michael Welsh (Labour politician)""",20230626,6,29,7296
"""Big Nick Nicholas""",20230718,9,29,4254
"""Hideo Kodama""",20230728,25,29,5490
"""Eferi""",20230121,2,29,3495
"""Tom Penny""",20230226,76,29,23318
"""Parson's Pleasure (short story)""",20230327,68,29,3914
"""Niecki, Łódź Voivodeship""",20231207,1,29,1513
"""HMS Sparrow (1889)""",20230317,7,28,10556
"""Elks National Home""",20230829,15,28,6384
"""Stanisław Baranowski""",20230708,2,28,3754
"""Office of the Institutions of Empress Maria""",20231027,11,28,4212
"""Evangelical Christian Church of the Brethren""",20231109,2,28,2338
"""Purnawarman""",20230124,29,28,4695
"""The Weatherman LP""",20230805,32,28,11738
"""Licchavi""",20231024,1,28,297
"""Thomas Trevor (1586–1656)""",20230523,6,28,5213
"""Audley H. Ward""",20231111,1,28,3171
"""4th Parliament of Upper Canada""",20230512,2,28,4416
"""Deindustrialisation by country""",20231224,61,28,44671
"""William Leonard Higgitt""",20231007,1,28,66043
"""Michael O'Sullivan (politician)""",20231110,1,28,24046
"""Vergeletto""",20230625,6,28,17220
"""Lasjerd""",20230714,2,27,6637
"""Special Higher Police""",20231117,48,27,6372
"""Jörg Sievers""",20230228,5,27,4200
"""Duellen""",20230609,3,27,2881
"""Good Woman Blues""",20231021,4,27,1626
"""Alfrocheiro Preto""",20230430,6,27,2712
"""Neil Habig""",20230226,4,27,2616
"""Besa River Formation""",20230706,5,27,3675
"""Illinois Route 153""",20230322,3,27,3344
"""2016 AIBA Women's World Boxing Championships – Featherweight""",20231222,4,27,3583
"""Valencia CF Foundation""",20230608,2,27,5186
"""Atrasado Formation""",20231018,4,27,10124
"""Field-Map""",20230112,8,27,1470
"""Rudolf Swiderski""",20231119,9,27,3301
"""List of ultras of West Asia""",20230212,12,27,12721
"""Stade Migovéen""",20230617,2,27,1568
"""Vigorous and Liberating Death""",20230805,8,26,2890
"""Surendar Valasai""",20230429,5,26,3162
"""Kanwar Sanctuary""",20231204,5,26,2022
"""Wyn Calvin""",20231121,9,26,10313
"""Vicente Sánchez (athlete)""",20230215,2,26,3190
"""Daisuke Saito (footballer, born 1974)""",20231206,3,26,4464
"""Metaxochori""",20230523,1,26,2602
"""Old Gods""",20230408,6,26,7499
"""Makera Assada""",20230914,8,26,35126
"""Transform (single album)""",20230517,1,26,4169
"""Remy Van Lierde""",20231226,168,26,12668
"""In Adam's Dress and a Bit in Eve's Too""",20231204,17,26,2157
"""Andreea Pricopi""",20230803,9,26,2628
"""Wood River Township, Hall County, Nebraska""",20230915,2,26,1042
"""Charity Shield""",20231010,1,26,634
"""It's My Life""",20230226,8,26,2159
"""Kozioł, Lublin Voivodeship""",20230703,3,26,1338
"""Willans engine""",20230617,5,26,16944
"""United Nations Security Council Resolution 331""",20230522,4,26,1382
"""The Love Song (k-os song)""",20230313,5,25,1792
"""Aniella Uwimana""",20231123,1,25,2111
"""Sverre Petterssen""",20230911,6,25,7323
"""Mains Castle, South Lanarkshire""",20230722,77,25,1736
"""Debra Satz""",20230922,23,25,5093
"""Extraterrestrial (album)""",20231102,39,25,10292
"""Podsokołów""",20230719,2,25,1462
"""Sainte-Marie-Saint-Raphaël""",20230528,5,25,10475
"""Kinleith""",20231210,5,25,2647
"""Dean Andal""",20231121,2,25,5425
"""Metroplex""",20230314,80,25,521
"""Tony Core""",20230612,2,25,4463
"""Baldragon Academy""",20230920,4,25,6360
"""Szklana Huta, Świętokrzyskie Voivodeship""",20230415,2,24,1576
"""De Witt, Nebraska""",20230613,9,24,11261
"""Violet Loraine""",20231031,6,24,4797
"""Sabine Haas""",20230722,8,24,4252
"""Henryków, Mokotów""",20230727,7,24,9310
"""Live at The Record Exchange EP""",20230906,1,24,2336
"""Kraczewice Rządowe""",20230109,2,24,1321
"""John Hart (journalist)""",20230219,11,24,3840
"""Concerto Grosso (Zwilich)""",20230616,1,24,5654
"""Vilshofen–Aidenbach railway""",20230722,1,24,5936
"""Jan Hendrix""",20230730,4,24,9169
"""Arlington, California""",20231108,10,24,13790
"""Marquis Walker""",20231209,4,24,1929
"""Occupation: Rainfall""",20230929,192,24,6930
"""Elle, tu l'aimes...""",20230412,1,24,6344
"""Tyrone Booze""",20231220,18,24,14541
"""Sarah Dawson (softball)""",20230310,1,24,14413
"""David Zolkwer""",20231006,8,24,20888
"""Tony Sisti""",20231106,2,24,8637
"""XEYTM-AM""",20230517,3,24,4143
"""John Skibinski""",20230512,3,24,5236
"""Anugraham (1977 film)""",20231123,2,24,4087
"""Gallions Reach""",20230609,18,23,1947
"""On & On (Illy song)""",20230108,2,23,2255
"""Empirical evidence for the spherical shape of Earth""",20230215,366,23,46482
"""H. M. G. S. Palihakkara""",20230113,4,23,11189
"""List of Dutch films of the 1950s""",20230311,8,23,3403
"""Il Cuore nel Pozzo""",20230526,8,23,25686
"""This Is Me (Dream song)""",20231213,42,23,15631
"""Carterton""",20231222,9,23,416
"""2002 white supremacist terror plot""",20231218,16,23,4792
"""Doctor Manuel Belgrano Department""",20230326,8,23,2935
"""John von Berenberg-Gossler""",20231030,3,23,2113
"""Rene Anselmo""",20230705,26,23,11024
"""Strażnica, Świętokrzyskie Voivodeship""",20230215,1,23,1579
"""Tiedonantaja""",20230406,8,23,3649
"""Jim Channon""",20230630,23,22,8078
"""Deep integration""",20230102,6,22,2254
"""American Fugitive: The Truth About Hassan""",20230315,2,22,3028
"""Aleph Objects""",20230914,6,22,9940
"""Edward Wittig""",20231115,8,22,4376
"""Christian de Boissieu""",20230304,9,22,4436
"""Arthur Ribeiro""",20231222,2,22,2238
"""Nualphan Lamsam""",20230425,302,22,5515
"""Volgograd State Medical University""",20230603,23,22,5465
"""Laleh (album)""",20230709,3,22,8036
"""Greystone Golf & Country Club""",20230603,6,22,4833
"""Montmagny, Switzerland""",20230319,3,22,17790
"""Gads Forlag""",20230813,4,22,6102
"""Four Nationals Figure Skating Championships""",20230227,3,22,32219
"""Bayshore Medical Center""",20230705,16,22,5199
"""Forest Hill, Ohio""",20231006,21,22,2762
"""Sagar Theke Phera""",20230502,8,22,2046
"""Benedict Menni""",20230222,8,22,9801
"""Something of Time""",20230924,4,22,3224
"""Faisal Darwish (footballer, born 1991)""",20230823,5,22,3397
"""Gibiate""",20230612,42,22,26700
"""Studdards Crossroads, Alabama""",20230510,1,22,2191
"""Paul Hardy (illustrator)""",20231204,6,21,23749
"""Brachyelytrum""",20230611,5,21,4655
"""Don't Tell Me the Truth About Love""",20230826,5,21,5924
"""Sustainment Command (Expeditionary)""",20230129,9,21,4974
"""The Wonderful Country""",20230210,10,21,6240
"""Carolyn Fe""",20230806,24,21,13229
"""Committee for Agriculture and Rural Affairs""",20230928,31,21,5573
"""Tia Nolan""",20230329,66,21,3968
"""191st Infantry Brigade (United States)""",20230908,16,21,10099
"""Falcó (novel)""",20230814,60,21,3301
"""William Phillips (water polo)""",20230819,2,21,1642
"""Bogotá Philharmonic Orchestra""",20230402,9,21,2969
"""2014 Anning Open – Women's doubles""",20231210,2,21,7369
"""Igor Galo""",20230908,19,21,2798
"""Guglielmo della Porta""",20231101,13,21,6731
"""Brueelia""",20230215,3,21,5672
"""Samir Moussaab""",20230728,2,21,1063
"""Adam Gamoran""",20230326,2,21,3732
"""Armed Forces Fund Board""",20230630,32,21,6059
"""The Conquest of Space""",20231108,12,21,3242
"""2014 Formula D season""",20230717,8,21,14449
"""Michael Macaque""",20231115,2,21,4453
"""Riccardia""",20231118,5,20,15551
"""Mir Zaman Khan""",20230428,231,20,7360
"""A. K. N. Ahmed""",20230522,2,20,2511
"""T2 (company)""",20230714,106,20,24755
"""Martin Schwalb""",20231208,4,20,3329
"""Stephan Schreckenberger""",20230220,3,20,2420
"""Maurice FitzGerald, 6th Duke of Leinster""",20230928,14,20,8716
"""1970 Bahraini independence survey""",20231212,6,20,4936
"""Viplove Thakur""",20230301,25,20,5191
"""Henry Nathaniel Andrews""",20230502,2,20,3669
"""Natalya German""",20231229,1,20,3201
"""Jamie Ram""",20230623,3,20,9312
"""Boesenbergia""",20231128,6,20,9348
"""Benjamin Dakota Rogers""",20230404,147,20,2686
"""List of orders of battle for the British 1st Armoured Division""",20230506,9,20,45785
"""Valarie Zeithaml""",20230818,21,20,12361
"""Science Society of China""",20230322,3,20,2642
"""Mduduzi Mabaso""",20231209,38,20,7339
"""National Order of San Lorenzo""",20230907,10,20,4682
"""Stuart Ingle""",20230329,5,20,2634
"""Philadelphia Phillies Wall of Fame""",20230324,72,20,54458
"""Special Duties""",20230419,15,19,6963
"""Olszew, Grójec County""",20230208,2,19,1465
"""Pimp-A-Lot""",20230205,1,19,1326
"""Annie Miles""",20231226,4,19,923
"""2016 Southern Conference softball tournament""",20230217,3,19,4241
"""Vincenz Fettmilch""",20230726,17,19,3195
"""Bryan Harkin""",20231218,4,19,5304
"""Belgrano Department, San Luis""",20230308,3,19,2392
"""Diósdi TC""",20230224,4,19,1858
"""Svavar Markússon""",20230716,1,19,1534
"""Pat Larkin""",20230102,1,19,2164
"""Bristol Robotics Laboratory""",20230411,10,19,6905
"""William Dumaresq Wright""",20230126,6,19,3186
"""Yarrangobilly Caves""",20231004,18,19,5729
"""Wybcz""",20230209,2,19,1365
"""Masao Oka""",20231127,1,19,2518
"""O Saci (film)""",20230918,8,19,5804
"""Melissa Leach""",20230518,9,19,9161
"""Sebastian Castro-Tello""",20231213,7,19,12092
"""2017–18 CB Miraflores season""",20230723,2,19,46963
"""Bill McDonald (Australian journalist)""",20230905,18,19,5442
"""Gabi Roth""",20231119,3,19,3377
"""Francis Hardy (Irish politician)""",20230713,4,19,3165
"""William McFee""",20230716,10,19,10985
"""ANF Les Mureaux 180""",20230509,4,19,4992
"""Nongriat""",20230517,20,19,5103
"""Phil Thomas (rugby)""",20231005,3,18,7107
"""UP! (Forrest Frank and Connor Price song)""",20231217,61,18,5143
"""SNAPAP""",20231207,3,18,10561
"""Ron Riley (basketball, born 1950)""",20230605,9,18,2761
"""Aagot Raaen""",20231007,3,18,4840
"""WorldRiskReport""",20230213,7,18,22276
"""Laurence Esmonde, 1st Baron Esmonde""",20230923,9,18,9673
"""Rapalje""",20230103,15,18,2243
"""Lágrima (Amália Rodrigues album)""",20230223,6,18,2061
"""Linda France""",20230113,4,18,8718
"""Chervonohryhorivka""",20231113,3,18,4379
"""Phascus""",20231204,2,18,3958
"""Paul J. Moore""",20230816,3,18,2913
"""Faceting machine""",20230124,15,18,10615
"""The Quiet Son""",20230301,297,18,4506
"""Harry Bates Thayer""",20230713,5,18,8850
"""Shag Tobacco""",20231105,9,18,2922
"""Hellcats SRTs""",20230804,38,18,6132
"""William Quigley (artist)""",20230313,11,18,15736
"""Sir Charles Gordon-Cumming-Dunbar, 9th Baronet""",20231027,2,18,3114
"""First ladies of Pennsylvania""",20230418,3,18,6277
"""2nd Brigade Combat Team, 1st Armored Division (United States)""",20230916,12,18,9081
"""Zozimus""",20230130,15,18,9807
"""Clarence Edward Mathias""",20231003,3,18,2961
"""Rodalben (Verbandsgemeinde)""",20230427,4,18,799
"""Pingnan station""",20231218,82,18,5509
"""Pedro Ken""",20230903,11,18,6900
"""Charles Coppel""",20230619,3,18,2729
"""Lokole""",20230505,6,18,1564
"""Sing My Song Vietnam""",20231202,5,17,15284
"""Mitchell Caverns""",20230626,9,17,6684
"""New York school of photography""",20230426,19,17,5980
"""2006–07 ABA season""",20231201,1,17,11502
"""Josef Richard Rozkošný""",20230621,4,17,3269
"""Downton""",20231230,4,17,926
"""Alfonso Perugini""",20230311,13,17,8786
"""Lord Frederick Paulet""",20230626,4,17,3663
"""Louise Mahony""",20230807,3,17,2155
"""Ganthiya""",20230819,37,17,3354
"""SIS (motorbikes)""",20230116,6,17,1516
"""Inni í Dal""",20230901,5,17,4693
"""White Wolves: A Cry in the Wild II""",20230602,29,17,3673
"""Glossary of education terms (S)""",20230703,7,17,12789
"""Somkid Chamnarnsilp""",20230207,1,17,3419
"""Face the Facts""",20230709,4,17,3093
"""Andrea Grover""",20230214,4,16,14832
"""Goudji""",20230318,6,16,9121
"""List of countries by access to improved sanitation facilities""",20230318,81,16,13912
"""List of Zaragoza CFF seasons""",20230926,1,16,5783
"""Benjamin Tod""",20230602,119,16,7743
"""EDF1""",20230814,2,16,5912
"""Penstemon barnebyi""",20230125,1,16,7176
"""Lago do Capanã Grande Extractive Reserve""",20230529,4,16,6241
"""Renato Sandalli""",20231012,3,16,3496
"""Jumellea recta""",20230817,3,16,1755
"""Pothuraju Judson""",20231220,3,16,20354
"""Jeff Heathcock""",20231226,5,16,5139
"""Alexandrov theorem""",20230628,13,16,1203
"""Thomas Jervis (judge)""",20230202,2,16,2437
"""Restored Hope Network""",20230312,5,16,7454
"""Radio access technology""",20230601,82,16,2829
"""John Milton Read""",20230520,2,16,9903
"""Guo Liang (cyclist)""",20230729,2,16,3323
"""Come On, Cowboys""",20230110,4,16,2722
"""Jerry Jaye""",20230907,10,16,3253
"""Helen Steel""",20231105,28,16,10996
"""Dagfin Huseby""",20230531,4,16,1478
"""The Horse Gullfaxi and the Sword Gunnfoder""",20230414,7,16,17759
"""Neuronavigation""",20230420,14,15,6853
"""Sporolithaceae""",20231110,1,15,3701
"""Solun""",20231215,11,15,485
"""Epilobium lactiflorum""",20230709,5,15,1277
"""Nelson Guarda""",20231026,2,15,1636
"""E-corpus""",20230321,1,15,4033
"""Alexei Dudchenko""",20230522,3,15,6234
"""Arthur Seale""",20230212,49,15,9799
"""Cinda Firestone""",20230503,4,15,1486
"""Stanford S. Penner""",20231219,7,15,9240
"""Prophysaon""",20231117,4,15,4915
"""Winands Road Synagogue Center""",20230604,78,15,6463
"""Jasmine (song)""",20230909,15,15,9168
"""Kawasaki-type oiler""",20230315,20,15,31901
"""2021 Youngstown State Penguins baseball team""",20230611,6,15,28451
"""Luis Ceze""",20231221,99,15,9935
"""Mary Noyes Farr""",20230308,1,15,8688
"""McNeal (play)""",20230820,210,15,3099
"""Rami Ollaik""",20230428,4,15,20059
"""Rose Clark""",20231126,8,15,8085
"""Terence Verity""",20230603,3,15,6677
"""Quentin Bena""",20230618,5,15,12293
"""2006 Gaven state by-election""",20231022,4,15,6550
"""2024 Nigerian general strike""",20230507,336,15,32893
"""Hussein al-Sheikh""",20230706,42,15,4047
"""Partička""",20230412,5,15,3012
"""Sanjiangyuan""",20230607,22,15,16490
"""Jan Boye""",20230320,1,15,3819
"""Hazlebadge""",20230128,4,14,23514
"""Vesleskarvet""",20230902,9,14,1598
"""Safa Merve Nalçacı""",20231202,1,14,11696
"""Mickel""",20231122,2,14,402
"""Ever, Jane""",20230221,5,14,9950
"""Rolando Marchinares""",20230121,1,14,1531
"""Raymond Mason""",20231104,4,14,232
"""Mark Smith (fencer)""",20230623,1,14,2262
"""It Had to Be You (2016 film)""",20230427,31,14,11270
"""David Fowler (politician)""",20231125,3,14,5011
"""Vladimir Pozner""",20230916,1,14,313
"""2014 Giro del Trentino Alto Adige-Südtirol""",20230123,3,14,2938
"""Complete manifold""",20230302,7,14,4462
"""Aasia Ishaque""",20230106,2,14,6073
"""Who's to Know""",20230417,11,14,3023
"""Franciszek Jerzy Jaskulski""",20230210,3,14,6996
"""Maria Markesini""",20230901,2,14,3118
"""Pablo Sanz (footballer, born 1973)""",20230409,2,14,6507
"""Jipijapa""",20230217,8,14,383
"""Turgot""",20230720,2,14,534
"""Pseuderia""",20230226,1,14,2764
"""Colchester Village Historic District""",20230602,2,14,4543
"""Alexander Hill (minister)""",20230613,1,14,3942
"""Glide High School""",20230417,2,14,4913
"""Casey King""",20231225,8,14,8207
"""St Mary's Church, Brecon""",20230310,3,14,5474
"""Bluebird Garage""",20230404,18,14,4154
"""Andrea Capobianco""",20230120,1,14,893
"""Pseudanabaenaceae""",20230103,6,13,2134
"""Pierre Clergerie""",20230805,1,13,2130
"""Konrad the Curly""",20230820,7,13,3046
"""Sarfaraz Ashraf""",20231102,5,13,2039
"""Davide Gaiotto""",20230119,10,13,3190
"""Mar Mar Aye""",20230907,5,13,8792
"""Regiminis Apostolici""",20230223,2,13,3897
"""First Partition""",20230708,2,13,418
"""The Lucky Nine""",20230124,9,13,1340
"""Guy of Ibelin""",20230915,4,13,438
"""Gregoris Mentzas""",20230304,2,13,3785
"""St Teilo's Church, Llandeilo Tal-y-bont""",20230429,14,13,4618
"""Diffuse idiopathic pulmonary neuroendocrine cell hyperplasia""",20230712,19,13,11522
"""Paul Bibire""",20230628,3,13,2252
"""Theosebia""",20231210,50,13,4017
"""NES Financial""",20230831,3,13,4820
"""American Bell Association International""",20230528,8,13,6648
"""Marcantonio Bobba""",20231217,2,13,4949
"""Piedmont Geriatric Hospital""",20230503,2,13,10343
"""Strzeszyce""",20231128,1,13,1506
"""Brian Peterson""",20230502,2,13,359
"""Tea and toast syndrome""",20230123,92,13,14824
"""Lee Chang-seon""",20231112,1,13,1308
"""Álvaro Antón (footballer, born 1983)""",20230901,1,13,9896
"""Elijah Johnson (singer)""",20230828,105,13,5624
"""Sun Hwa""",20231201,2,13,274
"""Que Sera (film)""",20231206,12,13,3935
"""David Harris Davies""",20230430,2,13,4148
"""Ali İhsan Göğüş""",20230525,2,13,4140
"""Caliber (mathematics)""",20230705,5,13,1158
"""K-129 (1947–1966 Kansas highway)""",20230507,3,13,5582
"""Parvulastra vivipara""",20230626,1,13,4098
"""Rally Responsibility Success""",20230529,2,13,954
"""The Field Marshal""",20230104,8,13,1945
"""Robert de Barry""",20230124,4,13,3494
"""Haloxon""",20230608,5,13,2446
"""Juncus patens""",20230420,2,13,5368
"""Hoërskool Delmas""",20230111,3,13,5620
"""List of settlements in Thesprotia""",20230727,2,13,2833
"""Joseph Tremblay""",20230210,5,13,2115
"""Paracleros""",20230628,2,13,1572
"""Nigina Amonkulova""",20230126,14,12,3622
"""2018 college football season""",20230902,1,12,361
"""Brametot (horse)""",20230704,30,12,12561
"""Universidad Autónoma de Chiriquí""",20231122,3,12,1969
"""Revathi Thirunal Balagopal Varma""",20231223,14,12,2173
"""Jaiveer Shergill""",20231105,23,12,13475
"""Carbaugh Run Rhyolite Quarry Site""",20230830,4,12,3021
"""Voting rights in Nigeria""",20231209,35,12,20305
"""Will-o'-the-wisp (disambiguation)""",20231211,9,12,2714
"""Damba Ayusheev""",20230224,14,12,11955
"""Los Angeles Apparel""",20231105,83,12,10615
"""Lloyd Peterson""",20231220,3,12,14191
"""Rafael Almeida (actor)""",20230310,1,12,7860
"""Duncan MacRae (rugby league)""",20231123,2,12,2829
"""America Waldo Bogle""",20230822,12,12,11142
"""Santa Catalina Island (Colombia)""",20230811,14,12,3108
"""Louis de Sabran""",20230930,4,12,4282
"""Enid de Chair""",20231218,35,12,9512
"""Ihor Tantsyura""",20230507,38,12,4035
"""Königshain Hills""",20230228,1,12,5979
"""Taranto Cathedral""",20230324,3,12,1137
"""Charles Hutchinson (Nottingham MP)""",20230117,3,12,6276
"""Kaare Sundby""",20230315,1,12,2481
"""Stanley McArdle""",20231015,7,12,4103
"""Protomycetaceae""",20230907,8,12,1146
"""Dian Genchev""",20230926,1,12,6447
"""Max Maeder""",20231006,2305,12,33910
"""José Verdi""",20230107,3,12,1506
"""Morimene""",20230707,69,12,1209
"""Sir William Milner, 5th Baronet""",20230908,3,12,7999
"""2009 Victory Shield""",20230430,1,12,4054
"""Perth-hir House""",20230418,5,12,14931
"""Monasternagalliaghduff""",20230215,2,12,5775
"""Rohan Weerakkody""",20230309,1,12,2669
"""Ciao Bella Gelato Company""",20230903,8,12,6267
"""Baltimore Avenue station""",20230508,25,12,2620
"""Joshua Dogonyaro""",20230328,24,12,5896
"""Leandro Jorge""",20230317,1,12,1387
"""Gene Lau""",20230320,9,12,21127
"""Vinopedia.hr""",20230315,1,12,5304
"""Ghulam Rasool Noori""",20230315,8,12,21229
"""Mathmakers""",20230628,3,12,1069
"""David Crowe""",20230811,2,12,387
"""Komoksodon""",20230906,64,12,3078
"""Irene Lemos""",20230517,4,12,5827
"""Paul Casey (musician)""",20230705,3,12,1961
"""Azerbaijan State Film Fund""",20230430,1,12,6850
"""GoldenEye (pinball)""",20230508,1,11,1710
"""Eystein Sandnes""",20230822,2,11,4512
"""Wang Chengbin (born 1874)""",20230415,4,11,2758
"""Rowland Fisher""",20230422,4,11,2174
"""Hobby Farms (magazine)""",20230413,4,11,3897
"""Thomas Collingwood""",20230823,1,11,7091
"""Edmond Cotter""",20230407,4,11,16389
"""1986 Paine Webber Classic – Singles""",20230404,5,11,10688
"""Adolf Kabo""",20230316,3,11,2922
"""Kilian Baumann""",20230803,2,11,4663
"""Lectionary 236""",20230923,4,11,4256
"""Benjamin Breen""",20230109,5,11,12436
"""Pleß (mountain)""",20230906,3,11,5214
"""Cyana tricolora""",20230921,2,11,801
"""Ramadasa pavo""",20230118,1,11,2387
"""Steinar Tjomsland""",20230605,1,11,868
"""Winchester Dodgers""",20230611,5,11,7836
"""Beata Hołub""",20231016,2,11,2306
"""Central district, Plovdiv""",20231003,9,11,1472
"""Óscar Conde""",20231125,3,11,3043
"""Bring Your Own Film Festival""",20230906,7,11,3161
"""Xanthias (crab)""",20230329,3,11,2515
"""Julián Perujo""",20230314,2,11,2342
"""207th Rifle Division""",20231121,4,11,15376
"""Thomas Kirk""",20230223,2,11,970
"""Nihamanchi""",20230124,6,11,2819
"""Luis Martins de Souza Dantas""",20231109,20,11,6168
"""Aaron Fruchtman""",20231017,4,11,3389
"""Wahoo! (company)""",20230414,5,11,3313
"""CD Santa Marta""",20230630,6,11,13183
"""Nerudia""",20230305,2,11,2383
"""Paul-Dylan Ivalu""",20231226,6,11,1912
"""Abul Khair Muhammad Zubair""",20230624,10,11,2912
"""The Coffin""",20230426,21,11,2919
"""Patria o Muerte, Venceremos""",20231125,100,11,1630
"""Acayip Hikayeler""",20230427,3,11,1755
"""Reformulated Blendstock for Oxygenate Blending""",20230411,4,11,1872
"""Federated architecture""",20230507,91,11,9804
"""Erēmīta (Anthologies)""",20230531,4,11,5548
"""Lawrence Welch""",20230617,1,11,3096
"""Choerophryne nigrescens""",20231028,1,10,3713
"""Olivier O. Provosty""",20231030,1,10,2361
"""Humfrid (bishop)""",20230621,2,10,1122
"""54–57 High Street, Great Budworth""",20230809,1,10,2204
"""Body and Blood of Christ""",20230407,13,10,341
"""Listed buildings in Oxton, Merseyside""",20230214,2,10,26848
"""Vermont Maple Festival""",20230604,1,10,1384
"""H. De Courcy Forbes""",20230616,6,10,9760
"""Rumesh Silva""",20230413,2,10,1757
"""Highways & Dance Halls""",20230127,9,10,4310
"""Barbara Winifred Matthews""",20230411,3,10,3964
"""Susana Mendizábal""",20231010,97,10,10978
"""Surgery for temporomandibular joint dysfunction""",20230416,10,10,12811
"""Robin Huggins""",20230702,1,10,3627
"""Preiļi Parish""",20231223,2,10,1790
"""Onythes""",20230806,1,10,908
"""Get of Cleves""",20231203,7,10,5509
"""Bulldog Pluck""",20230604,2,10,2292
"""Agathon Wunderlich""",20230712,4,10,3880
"""Otto Binge""",20231018,3,10,1990
"""FlexE""",20231029,7,10,5379
"""The Wire (David Dallas song)""",20230814,2,10,3205
"""Antoni Prochaska""",20230915,2,10,1835
"""Charles-Ovide Perrault""",20231108,2,10,1972
"""Américo Simonetti""",20230731,4,10,2287
"""Defense Establishment Comptroller Unit""",20231227,7,10,1794
"""William P. Marontate""",20230912,3,10,7933
"""Hugh Mackay (footballer)""",20230814,2,10,4384
"""Wicked Hemlocks""",20230829,3,10,4285
"""Wizja Le Cinema""",20230219,1,10,2433
"""Andrey Kozenko""",20230617,88,10,13751
"""Beatriz Jaguaribe""",20231026,2,10,2625
"""Torch Cay, Exuma""",20230223,6,10,8015
"""Hutton Collins""",20230313,4,10,5171
"""The Notekillers""",20230418,4,10,13412
"""Viniferin""",20230530,7,10,401
"""Spirit (J-Rocks album)""",20230522,4,10,1247
"""2015 OEC Kaohsiung – Singles""",20230214,5,10,10815
"""Guerilla Tea""",20231123,4,10,7518
"""Kalleli""",20231125,2,10,2317
"""Beaucarnea stricta""",20231111,2,10,2505
"""Another Life (Emphatic album)""",20231130,8,10,19186
"""Rajpur, Kanpur Dehat""",20230212,9,10,2676
"""Maria De Iorio""",20230821,35,10,4080
"""The Ninth Man""",20230303,14,10,2305
"""Salifu Yakubu""",20231217,3,10,5598
"""Michel Ngongang""",20231102,1,10,2655
"""Israel Hill""",20230824,11,10,2275
"""Wal Romari""",20230130,2,10,1422
"""Liu Peng (politician)""",20230706,2,10,4714
"""Andy Robinson (footballer, born 1992)""",20230821,8,10,8453
"""BDS-1""",20230509,3,10,5624
"""Heather McTeer Toney""",20230302,8,10,12911
"""Martha Simkins""",20231012,9,10,6114
"""Zuzan""",20230521,2,10,8258
"""Music from the Home Front (album)""",20230425,4,10,8532
"""Otidea onotica""",20231117,9,10,2660
"""Marquette Building (St. Louis)""",20230412,5,10,1888
"""Kosači""",20230812,3,10,1789
"""Château de Florac""",20230926,2,10,1894
"""Pizza Fusion""",20231121,15,10,6438
"""Fred Patton""",20231025,3,10,4442
"""Paige Sander""",20230601,2,9,7523
"""JoAnna LaSane""",20231224,3,9,7438
"""Egerton 2803 maps""",20230123,3,9,21276
"""Tan Wah Piow""",20231110,30,9,6898
"""2007 Nigerian Senate elections in Nasarawa State""",20231204,5,9,14345
"""Sukla Charan Noatia""",20230523,16,9,3568
"""Ahmet Aslan""",20230108,12,9,3341
"""Fundamental series""",20230128,9,9,9789
"""MIL-STD-1397""",20230624,12,9,2985
"""Owen Evans (Australian footballer)""",20230809,2,9,2968
"""Molecular Evolutionary Genetics Analysis""",20230124,31,9,33699
"""Ed Callahan""",20230901,3,9,8377
"""Saxon V""",20231006,3,9,2268
"""Cyrtandra tintinnabula""",20230816,2,9,1621
"""Plasmodium inui""",20230718,2,9,2134
"""Kalamazoo River Valley Trail""",20230812,2,9,5492
"""Albert Baldwin Bantock""",20230118,7,9,3624
"""Ahmad Aghalou""",20230218,6,9,3155
"""Lee Chun-sik""",20230220,1,9,1971
"""Niels Ingwersen""",20230203,2,9,5096
"""Dina Aschehoug""",20231218,4,9,5181
"""Reeb stability theorem""",20231202,2,9,5931
"""Bill Zimmerman (baseball)""",20230125,3,9,1752
"""Die singulation""",20230328,35,9,11532
"""Symphony song""",20230606,5,9,2342
"""Stade de Mbouda""",20230925,2,9,1025
"""Duilio Forte""",20230202,5,9,14700
"""Leonard I. Green""",20231130,25,9,4786
"""Jeremy Cool Habash""",20230918,3,9,2226
"""OC-1""",20230806,3,9,390
"""Parallel-strand lumber""",20230718,33,9,6461
"""Legnephora moorei""",20230630,1,9,1791
"""Veitchia simulans""",20230419,4,9,814
"""Joaquín Reyes""",20230805,2,9,250
"""Tim Lane (Australian rules footballer)""",20231229,2,9,2794
"""Central Public Security Comprehensive Management Commission""",20231024,3,9,4946
"""Henry Quin""",20230104,3,9,3699
"""Regional Institute of Education""",20231001,56,9,6510
"""Russell ministry""",20230524,1,9,239
"""T-bar""",20230501,3,9,101
"""Richard Bradley (film producer)""",20230911,3,9,9511
"""Paul Mucureezi""",20230802,2,9,4266
"""Mikołaj Stanisław Oborski""",20230325,2,9,1188
"""Soumba FC""",20230313,1,9,1112
"""Hydroxymethylglutaryl-CoA reductase (NADPH)""",20230904,4,9,3599
"""Tetragonia decumbens""",20230129,8,9,3142
"""Woman and the Hunter""",20230428,3,9,1068
"""Tangahnsee""",20230417,1,9,1256
"""The Hi-Revving Tongues""",20230727,6,9,1672
"""David Manley (philosopher)""",20230713,4,9,1972
"""Caitlin Cass""",20230525,98,9,4393
"""St. Louis Stars all-time roster""",20231106,70,9,37448
"""Marily Nika""",20231119,10,9,6699
"""Çanakkale Naval Museum""",20230419,4,9,2668
"""Joe Perham""",20230525,7,9,3764
"""2010 Tallahassee Tennis Challenger – Doubles""",20230319,3,9,7858
"""Singing Drums""",20231025,5,9,3509
"""United Nations Security Council Resolution 2502""",20230402,2,9,992
"""WGH""",20230304,11,9,413
"""2023 GB Pro-Series Shrewsbury – Singles""",20231120,4,9,11214
"""Wild Birds Unlimited""",20230429,10,9,3726
"""Less Than Human (novel)""",20230219,2,9,2605
"""Cazenovia Village Historic District""",20230216,2,9,2988
"""X Factor (Romanian TV series) season 3""",20230701,8,8,47787
"""Samuel Hunt House""",20231104,1,8,1967
"""Monsters (Tamara Todevska song)""",20231219,2,8,3509
"""Discopyge""",20230305,5,8,824
"""Eivin Kristensen""",20230301,2,8,2201
"""Frederick Guthrie (bass)""",20230911,12,8,1010
"""Captain 11's Showboat""",20230827,4,8,3687
"""Dzyanis Lebedzew""",20230601,1,8,2727
"""Mischief Night (2014 film)""",20230326,10,8,10615
"""Tillie Anderson""",20230728,11,8,6394
"""Bernart de Panassac""",20231220,3,8,1312
"""Martinus Dogma Situmorang""",20230818,3,8,4596
"""Hasan Imam Khan""",20230519,6,8,4642
"""Carol Stack""",20230213,6,8,6660
"""Camp Castaway""",20230902,4,8,5050
"""Peter Aeschlimann""",20230721,1,8,1729
"""David Osborne (cricketer)""",20231226,1,8,958
"""Streets of Laredo (band)""",20231124,2,8,13110
"""Thomas Stilwell House""",20231118,1,8,2121
"""Richard Peterson""",20230113,1,8,756
"""Times Leader (disambiguation)""",20230812,2,8,502
"""Marshall Herbert""",20230910,1,8,1658
"""List of largest unfragmented rivers""",20230419,6,8,14204
"""King's College Harmonica Band""",20230724,8,8,4066
"""City Polytechnic Institute Khulna""",20230918,2,8,3353
"""Constantin C. Teodorescu""",20230810,4,8,3847
"""Cliff Colling""",20230713,3,8,1424
"""Maria Luisa Altieri Biagi""",20231030,4,8,4043
"""Forest Glen""",20230513,1,8,705
"""2021 Kyiv Open – Singles""",20231105,4,8,10980
"""Norm McKenzie""",20230101,1,8,1783
"""Salmis""",20230123,19,8,1741
"""Iterated forcing""",20230828,4,8,3556
"""William Kerley Strong""",20230315,3,8,5745
"""Port Victoria""",20230424,11,8,731
"""Alexander Gurendal""",20231228,88,8,3731
"""Santiago Fosgt""",20231002,1,8,1582
"""Sköld""",20231201,4,8,1204
"""Macroloxoceras""",20231123,1,8,4278
"""Georg Andersen""",20230421,3,8,311
"""Lorenc Shehaj""",20231003,3,8,17458
"""Judy Saluria""",20231104,4,8,4321
"""Manik Chand Jatav-vir""",20230705,4,8,3274
"""...What Remains""",20230905,5,8,3222
"""Bye Aerospace eFlyer 4""",20230915,6,8,7921
"""Goodson baronets""",20230314,1,8,1205
"""Alard–Baron Knoop Stradivarius""",20231029,21,8,1485
"""Walter Lehweß-Litzmann""",20230317,7,8,3457
"""Apu Ukil""",20230602,11,8,2484
"""Marienglashöhle""",20230905,2,8,30163
"""Josh Miller (education)""",20230105,2,8,3140
"""Every Body Looking""",20230515,5,8,6356
"""Whittaker Wood""",20230613,3,8,1410
"""Kashinka Hollow""",20230624,2,8,6464
"""Christmas Favorites (Sara Niemietz EP)""",20230728,2,8,8107
"""Kuhimana""",20230614,1,8,2646
"""Chuck Brymer""",20231028,7,8,8395
"""Hiroshima Kokusai Gakuin University""",20231218,2,8,973
"""French ship Iris""",20230606,2,8,837
"""Central Fire Station (Greensboro, North Carolina)""",20230527,1,7,2355
"""Paula Devine""",20231224,7,7,5955
"""Daedalochila auriculata""",20231024,3,7,783
"""Anisomeria (plant)""",20230902,3,7,1262
"""Nesopupa bacca""",20230102,1,7,1071
"""Arachnacris""",20230317,15,7,1348
"""Bwyd Time""",20230709,6,7,3119
"""Kensington Town Hall""",20231129,1,7,125
"""List of architecture schools in Brazil""",20230116,5,7,5012
"""Anderson's Pty Ltd v Victoria""",20230501,2,7,2622
"""Sebastijan Miknić""",20230825,3,7,1253
"""Egoi""",20230527,10,7,637
"""Niko Bretschneider""",20230320,1,7,5014
"""Aminul Islam (Indian politician, born 1975)""",20230818,9,7,4452
"""George Saunders (footballer, born 1989)""",20230215,10,7,5435
"""Greenfield, Colchester County""",20230914,1,7,2627
"""Order of the Armed Arm""",20230923,5,7,5778
"""Jean-Rock Gaudreault""",20230302,1,7,2010
"""Earl Larkin Williams""",20230312,1,7,3994
"""Carla Rossi (entertainer)""",20231123,129,7,6376
"""MV Matros Pozynich""",20230405,1,7,4532
"""Roudhan Al-Roudhan""",20230909,1,7,1421
"""Bulbophyllum aberrans""",20230703,5,7,1227
"""Dominic Kanaventi""",20230104,5,7,6948
"""Notwithstanding""",20230408,13,7,9904
"""Pervaiz Khan""",20230930,3,7,2858
"""Congress of Polonia in Germany""",20231002,8,7,575
"""Thomas Coring""",20230502,1,7,1610
"""Citrus gummy bark viroid""",20230408,4,7,1888
"""Raffaele Festa Campanile""",20230406,4,7,3172
"""Burghley""",20231015,2,7,649
"""Steve Gibson (politician)""",20230413,2,7,1131
"""Store Kari Rock""",20231204,1,7,733
"""Cryptassiminea kershawi""",20230421,2,7,1522
"""Oxford Women Students' Society for Women's Suffrage""",20230125,57,7,7191
"""Pseudomelittia""",20230906,2,7,958
"""Cophocerotis""",20231223,3,7,1448
"""Kindler""",20230717,4,7,671
"""Bertya ingramii""",20230320,3,7,1481
"""The Man Who Went Too Far""",20231105,8,7,6124
"""Let It Shine (album)""",20230309,3,7,3232
"""Robinsonův ostrov 2018""",20231127,1,7,18237
"""Cerodrillia perryae""",20230408,1,7,2568
"""Skvortzovia""",20230913,1,7,2440
"""Henry Bonham (cricketer)""",20231226,1,7,2762
"""Croft Farm railway station""",20230628,2,7,1654
"""Mathilde Mann""",20230907,7,7,8456
"""Governors of Plantations Act 1698""",20230613,4,7,2389
"""Mappe Of""",20230818,2,7,3274
"""Sèvre""",20230116,3,7,386
"""Kitti Sor.Jor.Danrayong""",20230719,4,7,12744
"""Jean Le Comte""",20231205,5,7,6177
"""Styrax foveolaria""",20230707,1,7,1216
"""Alena Evdokimova""",20230207,2,7,2150
"""William Anthony Richardson""",20230428,25,7,7327
"""The Whaler""",20230824,21,7,7340
"""Final Judgment (1992 film)""",20230402,66,7,4242
"""USS Deucalion""",20230612,2,7,3362
"""Handicap (greyhound racing)""",20230121,10,7,1993
"""Axel Ericsson""",20230714,3,7,9469
"""Ronald Robertson""",20230920,2,7,284
"""William G. Draper""",20230516,6,7,3489
"""An Eye for an Eye (1999 film)""",20230602,12,7,5560
"""Russell Tully""",20230212,1,7,1461
"""Mercedes-Benz 250""",20230926,14,7,610
"""Santiam Junior/Senior High School""",20230511,0,7,2866
"""Merophyas leucaniana""",20230409,4,7,1387
"""Jenni Lukac̆""",20231103,2,7,4514
"""Death in Custody Reporting Act of 2013""",20230216,3,7,9951
"""Azul River (Argentina)""",20230824,2,7,1284
"""2008 Colorado Amendment 54""",20230622,3,7,3854
"""Common phrases""",20230627,1,7,302
"""Jill Koshiol""",20231008,4,7,2895
"""Đinh Xuân Lưu""",20230120,5,7,4063
"""Mike LeRoy""",20230606,2,7,6722
"""Pseudosphex laticincta""",20230628,2,6,955
"""Kullamäe""",20230306,4,6,132
"""John Friend (conspirator)""",20230724,3,6,3617
"""Additional rent""",20231128,5,6,865
"""Transatlantic Intelligencer""",20230212,1,6,2380
"""Essex Aluminum""",20230608,3,6,2167
"""List of national highways in India by union territory""",20230411,4,6,7349
"""Hal Clark""",20231228,4,6,1723
"""Sir Andrew Agnew, 3rd Baronet""",20230321,4,6,1830
"""Wilhelm Eichenberg""",20230607,2,6,1139
"""USS Sanderling""",20230721,1,6,635
"""Kannada Vaishya""",20230405,2,6,1687
"""Beauty...As Far as the Eye Can See""",20230806,1,6,1569
"""The Tampa Bulletin""",20230517,28,6,2813
"""Cavalier (album)""",20231102,2,6,1818
"""Palmetto Theatre""",20230115,2,6,2685
"""Eupithecia sacrosancta""",20230218,1,6,867
"""Wayne G. Kenyon""",20230114,2,6,3440
"""Endoxyla dictyoschema""",20230813,1,6,1547
"""G. X. McSherry""",20230401,1,6,2150
"""Erik Glemme""",20230602,2,6,3421
"""Giovanni Battista Capilupi""",20231030,1,6,3525
"""List of gay male teen novels""",20230106,14,6,12512
"""Raymond Casimir""",20231112,1,6,3246
"""Johniepee""",20230528,3,6,3187
"""CHRS-FM""",20230704,2,6,1043
"""Litaspis""",20230113,1,6,1321
"""Soldier Settler House, Ubobo""",20230427,1,6,15596
"""1790 Virginia gubernatorial election""",20230716,6,6,2962
"""Caca Handika""",20231123,2,6,4197
"""Francesc Fullana""",20230319,2,6,6092
"""Clay County Courthouse, Eastern District""",20230717,1,6,3001
"""Aguas Calientes River (Carabobo)""",20230728,2,6,3198
"""Vilayati Bhabhi""",20230805,10,6,2929
"""Pasi Kinturi""",20230825,4,6,3698
"""Glencripesdale House""",20230916,1,6,5119
"""Prefectures of Albania""",20230519,3,6,599
"""Armizonsky""",20230629,1,6,272
"""Angiopoietin-related protein 7""",20230411,5,6,4105
"""Jodi Cooley""",20230224,8,6,4338
"""Prorasea pulveralis""",20230811,2,6,930
"""12th Mounted Rifles""",20231216,4,6,751
"""77 Walmgate""",20230617,2,6,1893
"""Inflatocalyx""",20230213,2,6,1409
"""Alex Donnersbach""",20230315,48,6,1646
"""Poibos Part 1""",20230120,2,6,2392
"""Carleton (given name)""",20231213,1,6,3736
"""Calentao""",20231003,25,6,2100
"""Arene lurida""",20230705,2,6,2155
"""Sonoko (album)""",20230122,2,6,3246
"""Laelia rosea (moth)""",20231107,1,6,1141
"""Eastern Knights""",20231211,6,6,1274
"""Fukushima College""",20230821,4,6,1842
"""Zoratu""",20230530,1,6,186
"""Theodosius Keene""",20230512,2,6,3773
"""KJLT""",20230703,2,6,223
"""Phinehas Ball""",20231206,3,6,2848
"""Ain-bessem""",20231209,4,6,1332
"""Cornel Rasanga Amoth""",20230724,4,6,5730
"""Taj Mahal Hotel, Abids""",20230112,6,6,3249
"""HTTP authentication""",20230919,8,6,155
"""Santa Cruz, Texas (former CDP)""",20231204,69,6,10435
"""Cheng Peng (serial killer)""",20230208,20,6,29895
"""Actinopyga palauensis""",20230309,1,6,3334
"""I Don't Want Nobody""",20230510,1,6,350
"""John Higgins of Montoge""",20230827,3,6,3959
"""Pinneshiri""",20231102,1,6,299
"""Aleksey Solomatin""",20230122,5,6,3646
"""Rožupe Parish""",20230303,3,6,1113
"""Luis Lee-Chong""",20230413,2,6,4000
"""George B. Steel""",20231013,3,6,1899
"""Robinson Ekspeditionen 2015""",20230325,3,6,11204
"""Omorgus tomentosus""",20230217,4,6,752
"""Klasterskya""",20230509,1,6,2287
"""TQO""",20230603,14,5,288
"""Chamoux""",20231228,1,5,636
"""Dacia, Bălți""",20231228,1,5,4516
"""Insider Dealing (board game)""",20230516,4,5,1028
"""Paraprevotella""",20230123,3,5,2145
"""Earl St Vincent (1799 EIC ship)""",20230610,1,5,9051
"""Hay Mar Nay Win""",20230821,5,5,10424
"""Chekago""",20230907,5,5,3136
"""Winchester Cathedral Christmas Market""",20230111,23,5,3880
"""Angel Penchev""",20230228,2,5,1059
"""Robert Barry (merchant)""",20230311,5,5,2430
"""Joan Tomàs""",20230130,2,5,188
"""Enayet Bazar Ward""",20231003,97,5,3614
"""Gymnopilus igniculus""",20230202,2,5,848
"""Walid Hassan (comedian)""",20230912,3,5,1806
"""Milan Zachariáš""",20230503,2,5,2261
"""Comostola ocellulata""",20231016,1,5,655
"""Rosa 'John Franklin'""",20231108,3,5,5436
"""Nagalpur, Mandvi""",20230625,2,5,4070
"""Megachile albimarginalis""",20230525,2,5,639
"""Enteromius niokoloensis""",20230525,1,5,839
"""Pola Lednickie""",20230522,2,5,1532
"""João Severiano""",20230716,34,5,3978
"""Zhangyuan Tunnel""",20230619,2,5,2009
"""Dolsan Park""",20231229,2,5,2521
"""Rick Duncan""",20230303,2,5,2024
"""Ciel Rouge""",20230825,9,5,12341
"""Hot and Cold""",20230419,6,5,1007
"""Higher Giant""",20230429,2,5,2196
"""Daniel Harrington""",20230209,1,5,520
"""Ferenc Kersch""",20230809,2,5,1014
"""Bergeria octava""",20230506,1,5,887
"""The Demise of Herman Durer""",20230907,3,5,1971
"""Psilochorus pullulus""",20231009,2,5,1836
"""Abyla haeckeli""",20231030,1,5,2289
"""1160th Transportation Company""",20230925,2,5,2276
"""Minilimosina (subgenus)""",20230217,1,5,8604
"""Dag Bo Gustaf Helin""",20230602,3,5,5442
"""Don't Worry Be Happy (play)""",20230614,4,5,6456
"""Death of Anton""",20230309,3,5,2185
"""Neohaplomyces""",20230712,2,5,1511
"""Expo Québec""",20230419,3,5,2782
"""List of 1930 motorsport champions""",20230409,1,5,1666
"""Florence Rabier""",20231001,10,5,8128
"""Kakus""",20230128,4,5,10622
"""Pelops (mythology)""",20230110,2,5,2234
"""Clinica de Migrantes""",20230227,5,5,3972
"""Mbaramo""",20230627,1,5,5151
"""Erdmuta Zofia von Dieskau""",20230302,2,5,739
"""Heterabraxas""",20230901,2,5,739
"""Gruzino""",20230429,1,5,179
"""Chicano (disambiguation)""",20230915,4,5,1156
"""List of marae in Southland Region""",20230107,10,5,2256
"""Actinoptera peregrina""",20230216,3,5,1798
"""The Sunny South""",20231001,5,5,360
"""Solange Paiva Vieira""",20230729,2,5,6483
"""Jucemar Gaucho""",20230921,1,5,2917
"""Franci Cerar""",20230506,2,5,1677
"""Bishopsgate House, Egham""",20230601,10,5,3273
"""Melieria immaculata""",20230410,1,5,999
"""1997 FINA Short Course World Championships – Men's 50m freestyle""",20230411,1,5,6802
"""Nordbygdi, Agder""",20230522,1,5,2377
"""Helvella macropus""",20231201,3,5,3341
"""Ding Jilian""",20230730,1,5,1928
"""Skaf""",20231130,5,5,471
"""Gordon Watkinson""",20230313,2,5,10015
"""Vĩnh An""",20230809,1,5,670
"""Lakeview Historic District""",20230206,1,5,768
"""Lady Bird Johnson Environmental Award""",20230516,3,5,2828
"""Phoenician Resort""",20230220,14,5,11968
"""Steve Bever""",20230914,3,5,7520
"""UMM Alter 4x4""",20231115,6,5,965
"""Losang Thonden""",20230306,15,5,13942
"""Greasley v Cooke""",20230521,4,5,5551
"""Peter McDougall (physician)""",20230304,5,5,4367
"""Blue Mountain, Kings County, Nova Scotia""",20230220,1,5,816
"""Clover Township, Minnesota""",20230210,2,5,398
"""The Harness Room""",20230610,8,4,1605
"""Epiphyas hyperacria""",20230308,3,4,879
"""Pivot-Koechlin monoplane""",20230528,1,4,2802
"""Petrushkovo""",20230718,2,4,903
"""McAliskey""",20231204,1,4,433
"""Simplifydigital""",20230309,4,4,3432
"""Volusius""",20230305,1,4,349
"""Anterior ligament""",20231204,1,4,219
"""Borojevci""",20231113,1,4,1056
"""Vernon High School""",20231218,1,4,208
"""George Smith (cricketer, born 1906)""",20230321,5,4,3048
"""Women's Bank of Denver""",20230124,129,4,1419
"""1914 Tour de France, Stage 1 to Stage 8""",20230620,2,4,24142
"""Wyoming Contractors Association""",20230514,1,4,2752
"""William Stone House""",20230331,3,4,2221
"""Gabriele Cappellini""",20230304,1,4,1503
"""Analipsi""",20231210,4,4,651
"""Corvinus School of Management""",20230904,3,4,8590
"""Athrips nigrogrisea""",20230528,1,4,1072
"""Comoliopsis""",20230924,1,4,923
"""Myelaphus""",20230604,3,4,3210
"""Moses Cohen""",20231209,2,4,2696
"""Tara Kelton""",20230921,4,4,7984
"""Nawngsai""",20231029,1,4,1300
"""Jendrassik""",20230321,1,4,409
"""Mandi Municipal Corporation""",20230408,5,4,4943
"""Harutyun Varpurciyan""",20230918,1,4,993
"""Gregg Foggo""",20230217,2,4,2777
"""Kaloyan Chakarov""",20230915,2,4,3078
"""Moghamarat ʽayn × 2""",20230225,1,4,3323
"""Ananke (disambiguation)""",20230630,7,4,401
"""William A. Morgan (footballer)""",20230119,2,4,1223
"""Lythe (disambiguation)""",20230406,3,4,374
"""Ardeutica semipicta""",20230728,1,4,966
"""James Carlton""",20230718,1,4,283
"""You Can't Be President""",20231005,1,4,1750
"""Brickellia pavonii""",20231219,4,4,1904
"""Double Shot""",20230529,5,4,693
"""Crossocerus impressifrons""",20230715,2,4,1704
"""Lee Yuan-chuan""",20230325,2,4,2426
"""Leucotmemis nexa""",20230203,3,4,1630
"""Edson Morúa""",20231026,2,4,1841
"""Spirituality Institute for Research and Education""",20230818,2,4,6234
"""OU (band)""",20230728,101,4,7103
"""Maksim Pavlovets""",20230616,1,4,2259
"""Booker T. Washington School (Tampa)""",20230406,5,4,3079
"""Moore's Corner Historic District""",20230216,4,4,4149
"""Judy Chirco""",20230910,1,4,2370
"""Amara aurichalcea""",20230108,2,4,386
"""Spearing""",20230205,2,4,728
"""D.K.M. College for Women""",20230815,3,4,3580
"""Impeachment and no-confidence motions in Hong Kong""",20230209,2,4,36880
"""W.D. Crawford House""",20230815,1,4,2238
"""Rickers""",20230608,5,4,234
"""Eva Matsuzaki""",20230609,2,4,14626
"""First Sampurnanand ministry""",20230616,3,4,2206
"""FASTLIGHT""",20230606,25,4,1513
"""Hyalurgus lucidus""",20230626,1,4,2855
"""Ascetostoma providentiae""",20230228,1,4,1978
"""Shell House (disambiguation)""",20230522,1,4,792
"""Pärnu International Documentary and Science Film Festival""",20231202,4,4,1195
"""Celeste Rohlfing""",20230415,3,4,3159
"""Blepharomastix poasalis""",20230324,2,4,729
"""Half Dozen Group of Artists""",20231020,1,4,3415
"""Mitsubishi Logisnext Americas""",20230126,15,4,3367
"""Gerald C. Smoak""",20230314,2,4,2657
"""Ardmore, County Westmeath""",20230331,4,4,3297
"""Mange Temple""",20231219,4,4,5320
"""Ras Alsheikh Hamid""",20231111,7,4,1468
"""Dakari""",20230210,2,4,195
"""Edward Lively (MP)""",20230225,2,4,887
"""Berosus pugnax""",20230721,1,3,1439
"""Neoheterophrictus smithi""",20230111,2,3,1952
"""Raymond Chow (disambiguation)""",20230117,3,3,291
"""Homoranthus clarksonii""",20231006,2,3,2681
"""Systoechus solitus""",20230611,2,3,1562
"""Long distance observations""",20231113,53,3,38521
"""Menzi (food)""",20231214,4,3,3747
"""Leptorhynchos squamatus""",20230306,36,3,4159
"""Raz Shavit""",20230311,3,3,1661
"""Acrilla desertorum""",20230427,69,3,1119
"""Gephyramoeba""",20230716,2,3,1676
"""Hartmut Hopp""",20230531,30,3,15232
"""David Morris (writer)""",20230329,1,3,5014
"""Kitayama Station""",20231120,1,3,491
"""Lesticus magnus""",20231111,1,3,679
"""Bernard Ward""",20230113,3,3,628
"""Mulona barnesi""",20231122,1,3,1127
"""Mōri Baien""",20230617,1,3,1576
"""Neil Shepley""",20230106,2,3,1529
"""Trechus xiei""",20231206,1,3,587
"""List of Paranonychidae species""",20230904,47,3,5101
"""Edward Tan""",20230109,4,3,508
"""Seruyan Bridge""",20230903,72,3,2834
"""CAFFENIO""",20230105,62,3,3504
"""Lebia calliope""",20231130,1,3,2104
"""List of proto-punk bands""",20231225,99,3,15760
"""Eyota""",20230926,3,3,339
"""Crassispira subgranulosa""",20230404,1,3,1762
"""Thyago""",20230813,1,3,3665
"""Cordilura fuscipes""",20231026,2,3,1546
"""Rocktoberfest Borneo""",20231210,1,3,5195
"""Pomacea occulta""",20231108,1,3,1439
"""Frosti""",20230204,3,3,430
"""Senator Cannon""",20231212,1,3,654
"""Euderces basimaculatus""",20230608,3,3,715
"""Malken Mierzynek""",20230416,1,3,772
"""Albarrán""",20230329,3,3,480
"""Mike Murphy (footballer)""",20231120,5,3,2406
"""Unity F.C. (England)""",20230705,40,3,4169
"""2018–19 Egyptian Handball League""",20230506,3,3,6956
"""Obenchain Mountain""",20230703,3,3,871
"""Notozomus ker""",20230510,3,3,1921
"""BeeLine Reader""",20230131,5,3,6239
"""Älmändär""",20230902,2,3,3028
"""Exoprosopa butleri""",20230701,1,3,1296
"""JExcel""",20230905,7,3,6700
"""List of Broken Sky characters""",20230414,4,3,12459
"""El Castillón""",20230402,1,3,11921
"""Kosić""",20230820,8,3,217
"""Orthocomotis twila""",20231029,1,3,632
"""Candoshi people""",20231117,4,3,787
"""Hilarempis carinata""",20230830,1,3,746
"""Douglass Community Land Trust""",20230920,1,3,5665
"""Muratov""",20230704,4,3,1057
"""Tübän Qozğınçı""",20230810,3,2,3394
"""Jay Pil Choi""",20231007,2,2,2841
"""Hoen""",20231230,2,2,1373
"""List of international presidential trips made by Joachim Gauck""",20231012,3,2,41662
"""Godfrey Obebo""",20231006,2,2,6868
"""VC 571""",20230206,283,2,3448
"""Taowhywee Point""",20230203,1,2,1014
"""Jan-Lukas Funke""",20231121,3,2,1644
"""San Pancrazio, Cappella de' Picenardi""",20230707,1,2,1319
"""2020–21 Medeama S.C. season""",20230624,1,2,4684
"""Botswana cricket team in Namibia in 2019""",20231022,7,2,8035
"""Charles Bouton""",20230330,1,2,181
"""Solem (surname)""",20230911,1,2,895
"""Aung (name)""",20231118,8,2,995
"""Sugar Creek (Honey Creek tributary)""",20230826,1,2,1006
"""Israeli Ligioners""",20231213,4,2,4607
"""Government Jawaharlal Nehru College, Lakshadweep""",20230419,6,2,1872
"""Trichophoroides niveus""",20231029,2,2,825
"""Doc Cook (disambiguation)""",20230412,1,2,236
"""Harry Lane (footballer, born 1894)""",20230223,3,2,5630
"""Denitsa Siderova""",20230310,42,2,3954
"""Dissoptila asphaltitis""",20230601,1,2,1362
"""Katsuaki""",20230909,1,2,1357
"""Régis Bégué""",20231120,39,2,9062
"""Psyrassa oaxacae""",20230118,1,2,843
"""Thomas Mindermann""",20230506,1,2,4985
"""Mauricio Ortiz Proal""",20230409,2,2,1532
"""Zacorisca helictocestum""",20230705,1,2,1396
"""Fareah Dam""",20230307,2,2,1254
"""Antrodiella lactea""",20230531,1,2,1422
"""Belshaw (surname)""",20230701,5,2,1166
"""Fabrik Heeder""",20230829,1,2,728
"""CSHS""",20230302,1,2,629
"""Committee on the Budget""",20230313,1,2,221
"""Sporel""",20231122,4,2,546
"""Martorana (surname)""",20230721,1,2,305
"""Armada Asset Management""",20230905,3,2,7755
"""Lars Kragh Andersen""",20230306,9,2,8787
"""Strobilomyces glabriceps""",20231029,4,2,7164
"""Dolmen-Chapel of São Brissos""",20230807,6,2,2422
"""Philotheca epilosa""",20231225,5,2,4570
"""Whinnen""",20231112,2,1,486
"""State Highway 4 (Madhya Pradesh)""",20230915,1,1,1831
"""Lonkar""",20231007,4,1,274
"""Jirisan (disambiguation)""",20231106,3,1,569
"""West Cross (disambiguation)""",20231217,3,1,435
"""CW 15""",20231024,1,1,331
"""Stablein""",20230325,1,1,324
"""Michael Beckman""",20231227,113,1,1507
"""Temperance Temple""",20230427,1,1,487
"""Hisamoto""",20230525,1,1,711
"""Informal group""",20230426,2,1,117
"""San Mango""",20230830,2,1,383
"""Charles Buck""",20230326,2,1,914
"""Lithuania Defense Services""",20230623,13,1,3348
"""Cassiers""",20231114,1,0,203
